{"type":"FeatureCollection","bbox":[-58.534,-34.557,-58.496,-34.528],"features":[{"type":"Feature","properties":{"id":274965320,"kind":"rail","class":"rail","name":"FC Belgrano","ref":"CC"},"geometry":{"type":"LineString","coordinates":[[-58.506644,-34.540437],[-58.526073,-34.530577],[-58.526884,-34.530302],[-58.527702,-34.530124],[-58.531322,-34.52963]]}},{"type":"Feature","properties":{"id":275155706,"kind":"rail","class":"rail","name":"FC Belgrano","ref":"CC"},"geometry":{"type":"LineString","coordinates":[[-58.531233,-34.529608],[-58.527692,-34.530084],[-58.526876,-34.530262],[-58.525858,-34.53063],[-58.506646,-34.540391]]}},{"type":"Feature","properties":{"id":26342192,"kind":"road","class":"residential","name":"23 - Boulogne Sur Mer","oneway":"yes"},"geometry":{"type":"LineString","coordinates":[[-58.522406,-34.556485],[-58.521152,-34.5579]]}},{"type":"Feature","properties":{"id":26342191,"kind":"road","class":"residential","name":"35 - Luis María Saavedra","oneway":"yes"},"geometry":{"type":"LineString","coordinates":[[-58.53404,-34.552112],[-58.531337,-34.553169]]}},{"type":"Feature","properties":{"id":39337985,"kind":"road","class":"residential","name":"90 - Güemes","oneway":"yes"},"geometry":{"type":"LineString","coordinates":[[-58.533041,-34.546025],[-58.534506,-34.547356]]}},{"type":"Feature","properties":{"id":39338190,"kind":"road","class":"residential","name":"84 - Intendente Casares","oneway":"yes"},"geometry":{"type":"LineString","coordinates":[[-58.533643,-34.548534],[-58.534826,-34.550562]]}},{"type":"Feature","properties":{"id":45184400,"kind":"road","class":"residential","name":"41 - Bahía Blanca","oneway":"yes"},"geometry":{"type":"LineString","coordinates":[[-58.532685,-34.555402],[-58.534939,-34.553682]]}},{"type":"Feature","properties":{"id":45184403,"kind":"road","class":"residential","name":"43 - Rosario","oneway":"yes"},"geometry":{"type":"LineString","coordinates":[[-58.534726,-34.555303],[-58.533649,-34.556194]]}},{"type":"Feature","properties":{"id":127012632,"kind":"road","class":"residential","name":"78 - Santa Rosalía","oneway":"yes"},"geometry":{"type":"LineString","coordinates":[[-58.533818,-34.554558],[-58.534726,-34.555303]]}},{"type":"Feature","properties":{"id":452471629,"kind":"road","class":"residential","name":"39 - Italia","oneway":"yes"},"geometry":{"type":"LineString","coordinates":[[-58.531926,-34.554195],[-58.534623,-34.55313]]}},{"type":"Feature","properties":{"id":452753745,"kind":"road","class":"residential","name":"92 - Joaquín Víctor González","oneway":"yes"},"geometry":{"type":"LineString","coordinates":[[-58.534687,-34.546158],[-58.533864,-34.545412]]}},{"type":"Feature","properties":{"id":85355044,"kind":"road","class":"residential","name":"Juramento","oneway":"yes"},"geometry":{"type":"LineString","coordinates":[[-58.534704,-34.533004],[-58.533308,-34.532487],[-58.530973,-34.532156]]}},{"type":"Feature","properties":{"id":40096840,"kind":"road","class":"residential","name":"76 - William Case Morris","oneway":"yes"},"geometry":{"type":"LineString","coordinates":[[-58.53214,-34.554555],[-58.531785,-34.554369]]}},{"type":"Feature","properties":{"id":45184612,"kind":"road","class":"residential","name":"39 - Italia","oneway":"no"},"geometry":{"type":"LineString","coordinates":[[-58.530926,-34.555413],[-58.531785,-34.554369]]}},{"type":"Feature","properties":{"id":468424216,"kind":"road","class":"secondary","name":"Diagonal 76 - Juan Martín Campos"},"geometry":{"type":"LineString","coordinates":[[-58.532685,-34.555402],[-58.532538,-34.555244],[-58.53214,-34.554555]]}},{"type":"Feature","properties":{"id":508175443,"kind":"road","class":"residential","name":"39 - Italia","oneway":"yes"},"geometry":{"type":"LineString","coordinates":[[-58.531785,-34.554369],[-58.531926,-34.554195]]}},{"type":"Feature","properties":{"id":1285069721,"kind":"road","class":"secondary","name":"76 - Juan Martín Campos"},"geometry":{"type":"LineString","coordinates":[[-58.534271,-34.556708],[-58.533649,-34.556194]]}},{"type":"Feature","properties":{"id":1285069722,"kind":"road","class":"secondary","name":"76 - Juan Martín Campos"},"geometry":{"type":"LineString","coordinates":[[-58.533649,-34.556194],[-58.532685,-34.555402]]}},{"type":"Feature","properties":{"id":1285069723,"kind":"road","class":"secondary","name":"Diagonal 76 - Juan Martín Campos"},"geometry":{"type":"LineString","coordinates":[[-58.53214,-34.554555],[-58.531926,-34.554195]]}},{"type":"Feature","properties":{"id":40096845,"kind":"road","class":"residential","name":"35 - Charlone"},"geometry":{"type":"LineString","coordinates":[[-58.528531,-34.556299],[-58.52801,-34.55666]]}},{"type":"Feature","properties":{"id":40096846,"kind":"road","class":"residential","name":"66 - Colombia"},"geometry":{"type":"LineString","coordinates":[[-58.52801,-34.55666],[-58.52737,-34.556024],[-58.524581,-34.554462]]}},{"type":"Feature","properties":{"id":83486572,"kind":"road","class":"residential","name":"Pasaje 68 - San José"},"geometry":{"type":"LineString","coordinates":[[-58.527092,-34.554925],[-58.526092,-34.554372]]}},{"type":"Feature","properties":{"id":240662422,"kind":"road","class":"residential","name":"62 - Cuba"},"geometry":{"type":"LineString","coordinates":[[-58.525291,-34.557496],[-58.52513,-34.556531]]}},{"type":"Feature","properties":{"id":806446914,"kind":"road","class":"living_street","name":"Pasaje B"},"geometry":{"type":"LineString","coordinates":[[-58.526466,-34.554888],[-58.525908,-34.554583]]}},{"type":"Feature","properties":{"id":806446915,"kind":"road","class":"living_street","name":"Pasaje A"},"geometry":{"type":"LineString","coordinates":[[-58.526724,-34.555322],[-58.525753,-34.554774]]}},{"type":"Feature","properties":{"id":1136061947,"kind":"road","class":"residential","name":"Pasaje 68 - San José"},"geometry":{"type":"LineString","coordinates":[[-58.529243,-34.556367],[-58.52825,-34.555438]]}},{"type":"Feature","properties":{"id":26343702,"kind":"road","class":"residential","name":"Pasaje 70 - La Nueva"},"geometry":{"type":"LineString","coordinates":[[-58.528969,-34.554859],[-58.526783,-34.553629],[-58.526687,-34.553524],[-58.525791,-34.553022],[-58.523612,-34.551921]]}},{"type":"Feature","properties":{"id":26513086,"kind":"road","class":"tertiary","name":"Carlos Francisco Melo","oneway":"yes"},"geometry":{"type":"LineString","coordinates":[[-58.524578,-34.550445],[-58.515071,-34.545941]]}},{"type":"Feature","properties":{"id":39337523,"kind":"road","class":"residential","name":"25 - General Güemes","oneway":"yes"},"geometry":{"type":"LineString","coordinates":[[-58.532749,-34.547617],[-58.534687,-34.546158]]}},{"type":"Feature","properties":{"id":39337557,"kind":"road","class":"residential","name":"27 - Mercedes","oneway":"yes"},"geometry":{"type":"LineString","coordinates":[[-58.534506,-34.547356],[-58.533493,-34.548135]]}},{"type":"Feature","properties":{"id":39337562,"kind":"road","class":"residential","name":"21 - Ernesto \"Che\" Guevara","oneway":"no"},"geometry":{"type":"LineString","coordinates":[[-58.528653,-34.548444],[-58.529374,-34.548039],[-58.534471,-34.544139]]}},{"type":"Feature","properties":{"id":39337791,"kind":"road","class":"residential","name":"29 - Bouchard","oneway":"no"},"geometry":{"type":"LineString","coordinates":[[-58.529605,-34.550134],[-58.533911,-34.548428]]}},{"type":"Feature","properties":{"id":39337817,"kind":"road","class":"residential","name":"19 - Doctor Marcos Zimmermann","oneway":"no"},"geometry":{"type":"LineString","coordinates":[[-58.528357,-34.547929],[-58.528728,-34.547749],[-58.529057,-34.547516],[-58.531941,-34.545272]]}},{"type":"Feature","properties":{"id":39338188,"kind":"road","class":"residential","name":"Diagonal 78 - Santa Rosalía","oneway":"yes"},"geometry":{"type":"LineString","coordinates":[[-58.530158,-34.548227],[-58.533818,-34.554558]]}},{"type":"Feature","properties":{"id":40096833,"kind":"road","class":"residential","name":"78 - Venezuela"},"geometry":{"type":"LineString","coordinates":[[-58.53071,-34.552049],[-58.530568,-34.552056],[-58.528812,-34.551064]]}},{"type":"Feature","properties":{"id":40096838,"kind":"road","class":"residential","name":"76 - William Case Morris","oneway":"yes"},"geometry":{"type":"LineString","coordinates":[[-58.53022,-34.553511],[-58.530051,-34.553517]]}},{"type":"Feature","properties":{"id":40096842,"kind":"road","class":"residential","name":"33 - Ecuador","oneway":"yes"},"geometry":{"type":"LineString","coordinates":[[-58.525291,-34.557496],[-58.528779,-34.555075],[-58.530051,-34.553517]]}},{"type":"Feature","properties":{"id":46607704,"kind":"road","class":"residential","name":"Santa Rosa"},"geometry":{"type":"LineString","coordinates":[[-58.522852,-34.547356],[-58.525309,-34.548497]]}},{"type":"Feature","properties":{"id":47087019,"kind":"road","class":"tertiary","name":"23 - 4 de Febrero"},"geometry":{"type":"LineString","coordinates":[[-58.533864,-34.545412],[-58.529022,-34.549093]]}},{"type":"Feature","properties":{"id":47413558,"kind":"road","class":"secondary","name":"1 - Avenida de los Constituyentes (GSM) / Avenida de los Constituyentes (VL)"},"geometry":{"type":"LineString","coordinates":[[-58.526615,-34.545054],[-58.52653,-34.545197],[-58.524578,-34.550445]]}},{"type":"Feature","properties":{"id":83145257,"kind":"road","class":"residential","name":"Perito Moreno","oneway":"yes"},"geometry":{"type":"LineString","coordinates":[[-58.524075,-34.546809],[-58.523496,-34.547655]]}},{"type":"Feature","properties":{"id":85099560,"kind":"road","class":"secondary","name":"1 - Avenida de los Constituyentes (GSM) / Avenida de los Constituyentes (VL)"},"geometry":{"type":"LineString","coordinates":[[-58.524578,-34.550445],[-58.522793,-34.553112],[-58.521085,-34.55527]]}},{"type":"Feature","properties":{"id":172999371,"kind":"road","class":"residential","name":"17 - Familia Repetto - Garde"},"geometry":{"type":"LineString","coordinates":[[-58.529568,-34.54629],[-58.528683,-34.547078],[-58.52837,-34.547295],[-58.528064,-34.54744]]}},{"type":"Feature","properties":{"id":237440974,"kind":"road","class":"residential","name":"Pasaje 78 - Granadero Abad"},"geometry":{"type":"LineString","coordinates":[[-58.532641,-34.553905],[-58.53206,-34.552897]]}},{"type":"Feature","properties":{"id":237441733,"kind":"road","class":"residential","name":"29 - Mercedes","oneway":"no"},"geometry":{"type":"LineString","coordinates":[[-58.528812,-34.551064],[-58.524451,-34.556369]]}},{"type":"Feature","properties":{"id":267139606,"kind":"road","class":"residential","name":"23 - 4 de Febrero","oneway":"no"},"geometry":{"type":"LineString","coordinates":[[-58.527843,-34.550513],[-58.52349,-34.555803]]}},{"type":"Feature","properties":{"id":267139617,"kind":"road","class":"secondary","name":"Diagonal 76 - Juan Martín Campos","oneway":"no"},"geometry":{"type":"LineString","coordinates":[[-58.529022,-34.549093],[-58.527499,-34.54644]]}},{"type":"Feature","properties":{"id":298743544,"kind":"road","class":"residential"},"geometry":{"type":"LineString","coordinates":[[-58.524063,-34.555086],[-58.523419,-34.554711],[-58.52342,-34.554664],[-58.523766,-34.554209]]}},{"type":"Feature","properties":{"id":298743546,"kind":"road","class":"living_street"},"geometry":{"type":"LineString","coordinates":[[-58.524254,-34.554859],[-58.523561,-34.55447]]}},{"type":"Feature","properties":{"id":330589657,"kind":"road","class":"residential","name":"76 - William Case Morris"},"geometry":{"type":"LineString","coordinates":[[-58.531785,-34.554369],[-58.53022,-34.553511]]}},{"type":"Feature","properties":{"id":375751587,"kind":"road","class":"residential","name":"General Martín Miguel de Güemes","oneway":"yes"},"geometry":{"type":"LineString","coordinates":[[-58.51946,-34.548963],[-58.524145,-34.551114]]}},{"type":"Feature","properties":{"id":375751595,"kind":"road","class":"tertiary","name":"General Julio Argentino Roca","oneway":"yes"},"geometry":{"type":"LineString","coordinates":[[-58.52166,-34.545653],[-58.525666,-34.547546]]}},{"type":"Feature","properties":{"id":407606846,"kind":"road","class":"residential","name":"88 - Agustín Álvarez","oneway":"yes"},"geometry":{"type":"LineString","coordinates":[[-58.533493,-34.548135],[-58.531813,-34.546974]]}},{"type":"Feature","properties":{"id":452471633,"kind":"road","class":"residential","name":"31 - Dorrego","oneway":"no"},"geometry":{"type":"LineString","coordinates":[[-58.534237,-34.549543],[-58.530187,-34.551143]]}},{"type":"Feature","properties":{"id":508202421,"kind":"road","class":"residential","name":"Habana","oneway":"yes"},"geometry":{"type":"LineString","coordinates":[[-58.524784,-34.547143],[-58.524206,-34.547985]]}},{"type":"Feature","properties":{"id":567226590,"kind":"road","class":"tertiary","name":"33 - Mendoza","oneway":"yes"},"geometry":{"type":"LineString","coordinates":[[-58.529825,-34.553276],[-58.530769,-34.552151]]}},{"type":"Feature","properties":{"id":567226591,"kind":"road","class":"secondary","name":"Diagonal 76 - Juan Martín Campos"},"geometry":{"type":"LineString","coordinates":[[-58.530769,-34.552151],[-58.530187,-34.551143]]}},{"type":"Feature","properties":{"id":567226592,"kind":"road","class":"tertiary","name":"Diagonal 31 - Mendoza"},"geometry":{"type":"LineString","coordinates":[[-58.530405,-34.553161],[-58.529825,-34.553276]]}},{"type":"Feature","properties":{"id":1055868957,"kind":"road","class":"tertiary","name":"Diagonal 31 - Mendoza"},"geometry":{"type":"LineString","coordinates":[[-58.524451,-34.556369],[-58.52349,-34.555803]]}},{"type":"Feature","properties":{"id":1055868958,"kind":"road","class":"residential","name":"29 - Mercedes","oneway":"no"},"geometry":{"type":"LineString","coordinates":[[-58.524451,-34.556369],[-58.523515,-34.557498]]}},{"type":"Feature","properties":{"id":1285044565,"kind":"road","class":"tertiary","name":"Diagonal 31 - Mendoza"},"geometry":{"type":"LineString","coordinates":[[-58.528775,-34.553728],[-58.527895,-34.554264],[-58.527527,-34.554542],[-58.527092,-34.554925],[-58.526413,-34.555635],[-58.525543,-34.556415],[-58.525264,-34.556513],[-58.524986,-34.556536],[-58.524451,-34.556369]]}},{"type":"Feature","properties":{"id":1285069724,"kind":"road","class":"secondary","name":"Diagonal 76 - Juan Martín Campos"},"geometry":{"type":"LineString","coordinates":[[-58.531926,-34.554195],[-58.531337,-34.553169]]}},{"type":"Feature","properties":{"id":39338127,"kind":"road","class":"residential","name":"Diagonal 80 - Servet","oneway":"yes"},"geometry":{"type":"LineString","coordinates":[[-58.534939,-34.553682],[-58.53131,-34.547349]]}},{"type":"Feature","properties":{"id":40096829,"kind":"road","class":"residential","name":"33 - Mendoza","oneway":"yes"},"geometry":{"type":"LineString","coordinates":[[-58.530769,-34.552151],[-58.534826,-34.550562]]}},{"type":"Feature","properties":{"id":40096839,"kind":"road","class":"residential","name":"33 - Ecuador","oneway":"yes"},"geometry":{"type":"LineString","coordinates":[[-58.530405,-34.553161],[-58.530422,-34.553261],[-58.53022,-34.553511]]}},{"type":"Feature","properties":{"id":47087018,"kind":"road","class":"secondary","name":"Diagonal 76 - Juan Martín Campos"},"geometry":{"type":"LineString","coordinates":[[-58.531337,-34.553169],[-58.530769,-34.552151]]}},{"type":"Feature","properties":{"id":298743543,"kind":"road","class":"residential","name":"Diagonal 35 - Charlone"},"geometry":{"type":"LineString","coordinates":[[-58.531337,-34.553169],[-58.530811,-34.553815]]}},{"type":"Feature","properties":{"id":407606845,"kind":"road","class":"residential","name":"27 - Mercedes","oneway":"no"},"geometry":{"type":"LineString","coordinates":[[-58.533493,-34.548135],[-58.533233,-34.548696]]}},{"type":"Feature","properties":{"id":407606847,"kind":"road","class":"residential","name":"88 - Agustín Álvarez","oneway":"no"},"geometry":{"type":"LineString","coordinates":[[-58.534238,-34.548651],[-58.533493,-34.548135]]}},{"type":"Feature","properties":{"id":417987879,"kind":"road","class":"tertiary","name":"Diagonal 31 - Mendoza","oneway":"yes"},"geometry":{"type":"LineString","coordinates":[[-58.531337,-34.553169],[-58.530604,-34.553133],[-58.530405,-34.553161]]}},{"type":"Feature","properties":{"id":39338028,"kind":"road","class":"residential","name":"31 - Dorrego","oneway":"no"},"geometry":{"type":"LineString","coordinates":[[-58.528867,-34.552723],[-58.529783,-34.551611]]}},{"type":"Feature","properties":{"id":40096830,"kind":"road","class":"living_street"},"geometry":{"type":"LineString","coordinates":[[-58.526485,-34.550151],[-58.527897,-34.549545],[-58.528941,-34.549163]]}},{"type":"Feature","properties":{"id":40096834,"kind":"road","class":"residential","name":"Pasaje 72 - Ira"},"geometry":{"type":"LineString","coordinates":[[-58.528775,-34.553728],[-58.528091,-34.553287],[-58.52733,-34.552867]]}},{"type":"Feature","properties":{"id":40096835,"kind":"road","class":"residential","name":"76 - William Case Morris","oneway":"no"},"geometry":{"type":"LineString","coordinates":[[-58.524578,-34.550445],[-58.526319,-34.551319],[-58.528867,-34.552723]]}},{"type":"Feature","properties":{"id":47087021,"kind":"road","class":"tertiary","name":"Diagonal 31 - Mendoza"},"geometry":{"type":"LineString","coordinates":[[-58.529825,-34.553276],[-58.528775,-34.553728]]}},{"type":"Feature","properties":{"id":47087024,"kind":"road","class":"residential","name":"78 - Venezuela"},"geometry":{"type":"LineString","coordinates":[[-58.528812,-34.551064],[-58.527843,-34.550513]]}},{"type":"Feature","properties":{"id":47088470,"kind":"road","class":"secondary","name":"Diagonal 76 - Juan Martín Campos","oneway":"no"},"geometry":{"type":"LineString","coordinates":[[-58.530187,-34.551143],[-58.529605,-34.550134]]}},{"type":"Feature","properties":{"id":81539587,"kind":"road","class":"residential","name":"Mariano Necochea","oneway":"yes"},"geometry":{"type":"LineString","coordinates":[[-58.524853,-34.548285],[-58.52543,-34.547448]]}},{"type":"Feature","properties":{"id":81539594,"kind":"road","class":"residential","name":"Habana","oneway":"no"},"geometry":{"type":"LineString","coordinates":[[-58.523867,-34.548473],[-58.524206,-34.547985]]}},{"type":"Feature","properties":{"id":127012638,"kind":"road","class":"living_street"},"geometry":{"type":"LineString","coordinates":[[-58.527417,-34.549746],[-58.527428,-34.549811],[-58.527115,-34.550213]]}},{"type":"Feature","properties":{"id":127012639,"kind":"road","class":"living_street"},"geometry":{"type":"LineString","coordinates":[[-58.526367,-34.551345],[-58.526124,-34.551652],[-58.526085,-34.55187],[-58.525797,-34.552264]]}},{"type":"Feature","properties":{"id":127012640,"kind":"road","class":"living_street"},"geometry":{"type":"LineString","coordinates":[[-58.527538,-34.550883],[-58.526384,-34.550259]]}},{"type":"Feature","properties":{"id":127012642,"kind":"road","class":"living_street"},"geometry":{"type":"LineString","coordinates":[[-58.526202,-34.55051],[-58.527324,-34.551148]]}},{"type":"Feature","properties":{"id":127012646,"kind":"road","class":"living_street"},"geometry":{"type":"LineString","coordinates":[[-58.527161,-34.550242],[-58.526703,-34.55081]]}},{"type":"Feature","properties":{"id":127012647,"kind":"road","class":"residential","name":"78 - Venezuela"},"geometry":{"type":"LineString","coordinates":[[-58.527766,-34.550607],[-58.526776,-34.550006]]}},{"type":"Feature","properties":{"id":298743548,"kind":"road","class":"residential"},"geometry":{"type":"LineString","coordinates":[[-58.525447,-34.553429],[-58.525026,-34.553226]]}},{"type":"Feature","properties":{"id":644445592,"kind":"road","class":"living_street"},"geometry":{"type":"LineString","coordinates":[[-58.52628,-34.5513],[-58.526017,-34.55165],[-58.525756,-34.551782],[-58.525502,-34.552111]]}},{"type":"Feature","properties":{"id":765167490,"kind":"road","class":"living_street"},"geometry":{"type":"LineString","coordinates":[[-58.526679,-34.549668],[-58.526843,-34.549971]]}},{"type":"Feature","properties":{"id":1051407950,"kind":"road","class":"residential","name":"23 - 4 de Febrero","oneway":"no"},"geometry":{"type":"LineString","coordinates":[[-58.529022,-34.549093],[-58.527843,-34.550513]]}},{"type":"Feature","properties":{"id":1051407951,"kind":"road","class":"residential","name":"29 - Mercedes","oneway":"no"},"geometry":{"type":"LineString","coordinates":[[-58.529605,-34.550134],[-58.528812,-34.551064]]}},{"type":"Feature","properties":{"id":1051407952,"kind":"road","class":"secondary","name":"Diagonal 76 - Juan Martín Campos","oneway":"no"},"geometry":{"type":"LineString","coordinates":[[-58.529605,-34.550134],[-58.529022,-34.549093]]}},{"type":"Feature","properties":{"id":1285044564,"kind":"road","class":"residential","name":"76 - William Case Morris","oneway":"yes"},"geometry":{"type":"LineString","coordinates":[[-58.530051,-34.553517],[-58.529934,-34.553454],[-58.529825,-34.553276]]}},{"type":"Feature","properties":{"id":1285044566,"kind":"road","class":"residential","name":"76 - William Case Morris","oneway":"no"},"geometry":{"type":"LineString","coordinates":[[-58.528867,-34.552723],[-58.529825,-34.553276]]}},{"type":"Feature","properties":{"id":1329411990,"kind":"road","class":"living_street"},"geometry":{"type":"LineString","coordinates":[[-58.525801,-34.551054],[-58.526485,-34.550151]]}},{"type":"Feature","properties":{"id":1329474764,"kind":"road","class":"residential","name":"Mariano Necochea"},"geometry":{"type":"LineString","coordinates":[[-58.524853,-34.548285],[-58.524538,-34.548782]]}},{"type":"Feature","properties":{"id":1329714322,"kind":"road","class":"residential","name":"31 - Dorrego","oneway":"no"},"geometry":{"type":"LineString","coordinates":[[-58.529783,-34.551611],[-58.530187,-34.551143]]}},{"type":"Feature","properties":{"id":26343844,"kind":"road","class":"tertiary","name":"Diagonal 62 - Sáenz Peña"},"geometry":{"type":"LineString","coordinates":[[-58.521085,-34.55527],[-58.522703,-34.556766]]}},{"type":"Feature","properties":{"id":46607713,"kind":"road","class":"residential","name":"Habana","oneway":"yes"},"geometry":{"type":"LineString","coordinates":[[-58.518065,-34.557545],[-58.519618,-34.555157]]}},{"type":"Feature","properties":{"id":47087020,"kind":"road","class":"residential","name":"23 - 4 de Febrero"},"geometry":{"type":"LineString","coordinates":[[-58.52349,-34.555803],[-58.522703,-34.556766]]}},{"type":"Feature","properties":{"id":47087224,"kind":"road","class":"tertiary","name":"Diagonal 31 - Mendoza"},"geometry":{"type":"LineString","coordinates":[[-58.52349,-34.555803],[-58.521135,-34.555211]]}},{"type":"Feature","properties":{"id":82692995,"kind":"road","class":"residential","name":"Pasaje 62 - Sargento Cabral","oneway":"no"},"geometry":{"type":"LineString","coordinates":[[-58.520506,-34.556017],[-58.522917,-34.557425]]}},{"type":"Feature","properties":{"id":292492011,"kind":"road","class":"secondary","name":"1 - Avenida de los Constituyentes (GSM) / Avenida de los Constituyentes (VL)"},"geometry":{"type":"LineString","coordinates":[[-58.520733,-34.555722],[-58.520506,-34.556017]]}},{"type":"Feature","properties":{"id":292492012,"kind":"road","class":"secondary","name":"1 - Avenida de los Constituyentes (GSM) / Avenida de los Constituyentes (VL)"},"geometry":{"type":"LineString","coordinates":[[-58.521085,-34.55527],[-58.520733,-34.555722]]}},{"type":"Feature","properties":{"id":1055868959,"kind":"road","class":"tertiary","name":"Diagonal 62 - Sáenz Peña"},"geometry":{"type":"LineString","coordinates":[[-58.522703,-34.556766],[-58.523515,-34.557498]]}},{"type":"Feature","properties":{"id":1285044567,"kind":"road","class":"secondary","name":"1 - Avenida de los Constituyentes (GSM) / Avenida de los Constituyentes (VL)"},"geometry":{"type":"LineString","coordinates":[[-58.520506,-34.556017],[-58.519541,-34.557372]]}},{"type":"Feature","properties":{"id":1285063516,"kind":"road","class":"secondary","name":"Francisco Narciso de Laprida","oneway":"no"},"geometry":{"type":"LineString","coordinates":[[-58.517537,-34.554088],[-58.518367,-34.5545]]}},{"type":"Feature","properties":{"id":1285063517,"kind":"road","class":"secondary","name":"Francisco Narciso de Laprida","oneway":"no"},"geometry":{"type":"LineString","coordinates":[[-58.51858,-34.554614],[-58.520733,-34.555722]]}},{"type":"Feature","properties":{"id":1285063518,"kind":"road","class":"secondary","name":"Francisco Narciso de Laprida","oneway":"no"},"geometry":{"type":"LineString","coordinates":[[-58.518367,-34.5545],[-58.51858,-34.554614]]}},{"type":"Feature","properties":{"id":1387013416,"kind":"road","class":"residential"},"geometry":{"type":"LineString","coordinates":[[-58.52342,-34.554664],[-58.522984,-34.554434]]}},{"type":"Feature","properties":{"id":26547500,"kind":"road","class":"residential","name":"Manuel Blanco Encalada","oneway":"yes"},"geometry":{"type":"LineString","coordinates":[[-58.513662,-34.555651],[-58.513698,-34.555596]]}},{"type":"Feature","properties":{"id":307250086,"kind":"road","class":"residential","name":"Juan Zufriategui","oneway":"yes"},"geometry":{"type":"LineString","coordinates":[[-58.514753,-34.556145],[-58.512571,-34.555138]]}},{"type":"Feature","properties":{"id":308167166,"kind":"road","class":"residential","name":"Domingo French","oneway":"yes"},"geometry":{"type":"LineString","coordinates":[[-58.513103,-34.554331],[-58.512571,-34.555138]]}},{"type":"Feature","properties":{"id":308167178,"kind":"road","class":"residential","name":"Mejico","oneway":"yes"},"geometry":{"type":"LineString","coordinates":[[-58.513103,-34.554331],[-58.515269,-34.555357]]}},{"type":"Feature","properties":{"id":1474038395,"kind":"road","class":"residential","name":"Juan Zufriategui","oneway":"yes"},"geometry":{"type":"LineString","coordinates":[[-58.512571,-34.555138],[-58.511508,-34.55464]]}},{"type":"Feature","properties":{"id":1474038687,"kind":"road","class":"residential","name":"Manuel Blanco Encalada","oneway":"yes"},"geometry":{"type":"LineString","coordinates":[[-58.513698,-34.555596],[-58.514186,-34.554836]]}},{"type":"Feature","properties":{"id":26513078,"kind":"road","class":"residential","name":"Juan Zufriategui","oneway":"yes"},"geometry":{"type":"LineString","coordinates":[[-58.519105,-34.557973],[-58.514753,-34.556145]]}},{"type":"Feature","properties":{"id":26513079,"kind":"road","class":"residential","name":"Venezuela","oneway":"yes"},"geometry":{"type":"LineString","coordinates":[[-58.520248,-34.556374],[-58.518071,-34.555399],[-58.517024,-34.554851]]}},{"type":"Feature","properties":{"id":26513082,"kind":"road","class":"residential","name":"Agustín Álvarez","oneway":"yes"},"geometry":{"type":"LineString","coordinates":[[-58.514902,-34.550511],[-58.512824,-34.549525],[-58.511973,-34.549168],[-58.502564,-34.544859]]}},{"type":"Feature","properties":{"id":26513084,"kind":"road","class":"residential","name":"Adolfo Alsina","oneway":"yes"},"geometry":{"type":"LineString","coordinates":[[-58.517447,-34.552781],[-58.521563,-34.554653]]}},{"type":"Feature","properties":{"id":26547459,"kind":"road","class":"residential","name":"José Moldes","oneway":"yes"},"geometry":{"type":"LineString","coordinates":[[-58.515426,-34.549742],[-58.522793,-34.553112]]}},{"type":"Feature","properties":{"id":26547463,"kind":"road","class":"residential","name":"Talcahuano","oneway":"yes"},"geometry":{"type":"LineString","coordinates":[[-58.513013,-34.551971],[-58.513582,-34.551029],[-58.514189,-34.550187],[-58.515011,-34.548914],[-58.515843,-34.547206]]}},{"type":"Feature","properties":{"id":26547464,"kind":"road","class":"residential","name":"Comandante Benjamin Franklin","oneway":"yes"},"geometry":{"type":"LineString","coordinates":[[-58.515257,-34.54603],[-58.514279,-34.549158],[-58.513617,-34.549502],[-58.512288,-34.551637]]}},{"type":"Feature","properties":{"id":26547465,"kind":"road","class":"residential","name":"William Case Morris","oneway":"yes"},"geometry":{"type":"LineString","coordinates":[[-58.511626,-34.551333],[-58.513242,-34.54888],[-58.513687,-34.547571],[-58.514254,-34.545555]]}},{"type":"Feature","properties":{"id":26547466,"kind":"road","class":"residential","name":"Hipólito Vieytes","oneway":"yes"},"geometry":{"type":"LineString","coordinates":[[-58.510824,-34.550967],[-58.512616,-34.548212],[-58.513535,-34.545215]]}},{"type":"Feature","properties":{"id":26547469,"kind":"road","class":"residential","name":"Brasil","oneway":"yes"},"geometry":{"type":"LineString","coordinates":[[-58.509309,-34.550272],[-58.51112,-34.547472],[-58.511893,-34.544437]]}},{"type":"Feature","properties":{"id":26547470,"kind":"road","class":"residential","name":"Florentino Ameghino","oneway":"yes"},"geometry":{"type":"LineString","coordinates":[[-58.508773,-34.550045],[-58.508775,-34.549932],[-58.510525,-34.547201],[-58.510802,-34.546175]]}},{"type":"Feature","properties":{"id":26547471,"kind":"road","class":"residential","name":"Florencio Varela","oneway":"yes"},"geometry":{"type":"LineString","coordinates":[[-58.511791,-34.547792],[-58.509954,-34.550569]]}},{"type":"Feature","properties":{"id":26547495,"kind":"road","class":"residential","name":"Hipólito Vieytes","oneway":"yes"},"geometry":{"type":"LineString","coordinates":[[-58.509338,-34.553608],[-58.511016,-34.551053]]}},{"type":"Feature","properties":{"id":26547497,"kind":"road","class":"residential","name":"Comandante Benjamin Franklin","oneway":"yes"},"geometry":{"type":"LineString","coordinates":[[-58.512103,-34.551558],[-58.510413,-34.554126]]}},{"type":"Feature","properties":{"id":26547498,"kind":"road","class":"residential","name":"Talcahuano","oneway":"yes"},"geometry":{"type":"LineString","coordinates":[[-58.511508,-34.55464],[-58.51319,-34.552053]]}},{"type":"Feature","properties":{"id":26547499,"kind":"road","class":"residential","name":"Domingo French","oneway":"yes"},"geometry":{"type":"LineString","coordinates":[[-58.514284,-34.55256],[-58.513103,-34.554331]]}},{"type":"Feature","properties":{"id":26547502,"kind":"road","class":"residential","name":"General Balcarce","oneway":"yes"},"geometry":{"type":"LineString","coordinates":[[-58.51645,-34.553548],[-58.514753,-34.556145]]}},{"type":"Feature","properties":{"id":46607702,"kind":"road","class":"residential","name":"Mariquita Sanchez de Thompson","oneway":"no"},"geometry":{"type":"LineString","coordinates":[[-58.519302,-34.547944],[-58.519681,-34.547385],[-58.519865,-34.547244],[-58.521527,-34.546575],[-58.521659,-34.546479]]}},{"type":"Feature","properties":{"id":46607703,"kind":"road","class":"residential","name":"Antonio Luis Berutti","oneway":"yes"},"geometry":{"type":"LineString","coordinates":[[-58.523387,-34.546491],[-58.522852,-34.547356]]}},{"type":"Feature","properties":{"id":46607711,"kind":"road","class":"residential","name":"Habana","oneway":"yes"},"geometry":{"type":"LineString","coordinates":[[-58.519042,-34.554861],[-58.520892,-34.552243]]}},{"type":"Feature","properties":{"id":46607712,"kind":"road","class":"residential","name":"Antonio Luis Berutti","oneway":"yes"},"geometry":{"type":"LineString","coordinates":[[-58.51858,-34.554614],[-58.516949,-34.55708]]}},{"type":"Feature","properties":{"id":46607714,"kind":"road","class":"residential","name":"Manuel Blanco Encalada","oneway":"yes"},"geometry":{"type":"LineString","coordinates":[[-58.516652,-34.551355],[-58.51905,-34.547825]]}},{"type":"Feature","properties":{"id":46607717,"kind":"road","class":"residential","name":"General Balcarce","oneway":"yes"},"geometry":{"type":"LineString","coordinates":[[-58.518573,-34.551182],[-58.516813,-34.553705]]}},{"type":"Feature","properties":{"id":46607719,"kind":"road","class":"residential","name":"Antonio Luis Berutti","oneway":"yes"},"geometry":{"type":"LineString","coordinates":[[-58.520249,-34.551949],[-58.520172,-34.551984],[-58.518367,-34.5545]]}},{"type":"Feature","properties":{"id":81539576,"kind":"road","class":"residential","name":"Los Pozos"},"geometry":{"type":"LineString","coordinates":[[-58.521445,-34.548192],[-58.521075,-34.547456],[-58.520823,-34.546836]]}},{"type":"Feature","properties":{"id":81539589,"kind":"road","class":"residential","name":"Araoz","oneway":"yes"},"geometry":{"type":"LineString","coordinates":[[-58.51923,-34.545956],[-58.519181,-34.546393],[-58.519261,-34.546804],[-58.519371,-34.547126],[-58.51959,-34.547517]]}},{"type":"Feature","properties":{"id":81798296,"kind":"road","class":"residential","name":"Necochea"},"geometry":{"type":"LineString","coordinates":[[-58.52096,-34.553339],[-58.520392,-34.554115]]}},{"type":"Feature","properties":{"id":81798298,"kind":"road","class":"residential","name":"Egipto","oneway":"no"},"geometry":{"type":"LineString","coordinates":[[-58.51625,-34.547406],[-58.516475,-34.546608]]}},{"type":"Feature","properties":{"id":83145231,"kind":"road","class":"residential","name":"General Juan Lavalle","oneway":"yes"},"geometry":{"type":"LineString","coordinates":[[-58.515821,-34.549137],[-58.518535,-34.550376]]}},{"type":"Feature","properties":{"id":83145241,"kind":"road","class":"residential","name":"Domingo French","oneway":"yes"},"geometry":{"type":"LineString","coordinates":[[-58.519098,-34.544454],[-58.515821,-34.549137]]}},{"type":"Feature","properties":{"id":83145250,"kind":"road","class":"residential","name":"Agustín Álvarez","oneway":"yes"},"geometry":{"type":"LineString","coordinates":[[-58.522156,-34.553919],[-58.519651,-34.552704]]}},{"type":"Feature","properties":{"id":83145258,"kind":"road","class":"residential","name":"General Juan Gregorio de Las Heras","oneway":"yes"},"geometry":{"type":"LineString","coordinates":[[-58.517128,-34.548974],[-58.515414,-34.548108],[-58.514699,-34.54779],[-58.513687,-34.547571],[-58.512916,-34.547228],[-58.512236,-34.546856],[-58.510802,-34.546175]]}},{"type":"Feature","properties":{"id":86134720,"kind":"road","class":"residential","name":"General Juan Lavalle","oneway":"yes"},"geometry":{"type":"LineString","coordinates":[[-58.503496,-34.544079],[-58.50853,-34.546365],[-58.509637,-34.546806],[-58.51112,-34.547472],[-58.51336,-34.548575],[-58.515675,-34.549068]]}},{"type":"Feature","properties":{"id":173060479,"kind":"road","class":"residential","name":"Gervasio Posadas","oneway":"yes"},"geometry":{"type":"LineString","coordinates":[[-58.516324,-34.550153],[-58.517717,-34.548126]]}},{"type":"Feature","properties":{"id":173061918,"kind":"road","class":"residential","name":"Cochabamba","oneway":"yes"},"geometry":{"type":"LineString","coordinates":[[-58.517537,-34.554088],[-58.517617,-34.554029],[-58.518868,-34.552352],[-58.519407,-34.551563]]}},{"type":"Feature","properties":{"id":263444177,"kind":"road","class":"residential","name":"Adolfo Alsina","oneway":"yes"},"geometry":{"type":"LineString","coordinates":[[-58.501105,-34.545336],[-58.50837,-34.548651],[-58.509335,-34.549056],[-58.514315,-34.551363]]}},{"type":"Feature","properties":{"id":308167170,"kind":"road","class":"secondary","name":"Francisco Narciso de Laprida","oneway":"no"},"geometry":{"type":"LineString","coordinates":[[-58.516813,-34.553705],[-58.517537,-34.554088]]}},{"type":"Feature","properties":{"id":308167177,"kind":"road","class":"residential","name":"Mejico","oneway":"yes"},"geometry":{"type":"LineString","coordinates":[[-58.501253,-34.54875],[-58.513103,-34.554331]]}},{"type":"Feature","properties":{"id":308167179,"kind":"road","class":"residential","name":"Mejico","oneway":"yes"},"geometry":{"type":"LineString","coordinates":[[-58.515269,-34.555357],[-58.519541,-34.557372]]}},{"type":"Feature","properties":{"id":311682213,"kind":"road","class":"residential","name":"General Martín Miguel de Güemes","oneway":"yes"},"geometry":{"type":"LineString","coordinates":[[-58.515843,-34.547206],[-58.517717,-34.548126]]}},{"type":"Feature","properties":{"id":375751576,"kind":"road","class":"residential","name":"Florencio Varela","oneway":"yes"},"geometry":{"type":"LineString","coordinates":[[-58.512521,-34.5458],[-58.51198,-34.547883]]}},{"type":"Feature","properties":{"id":420136583,"kind":"road","class":"residential","name":"Gervasio Posadas","oneway":"yes"},"geometry":{"type":"LineString","coordinates":[[-58.517717,-34.548126],[-58.518701,-34.546666]]}},{"type":"Feature","properties":{"id":640337079,"kind":"road","class":"residential","name":"Juan Zufriategui","oneway":"yes"},"geometry":{"type":"LineString","coordinates":[[-58.511508,-34.55464],[-58.507174,-34.552596]]}},{"type":"Feature","properties":{"id":640337080,"kind":"road","class":"residential","name":"Cochabamba","oneway":"yes"},"geometry":{"type":"LineString","coordinates":[[-58.515853,-34.556616],[-58.517468,-34.554144],[-58.517537,-34.554088]]}},{"type":"Feature","properties":{"id":640337081,"kind":"road","class":"residential","name":"Venezuela","oneway":"yes"},"geometry":{"type":"LineString","coordinates":[[-58.51268,-34.552856],[-58.508314,-34.550876]]}},{"type":"Feature","properties":{"id":640337082,"kind":"road","class":"residential","name":"Venezuela","oneway":"yes"},"geometry":{"type":"LineString","coordinates":[[-58.517024,-34.554851],[-58.51268,-34.552856]]}},{"type":"Feature","properties":{"id":640337084,"kind":"road","class":"residential","name":"Agustín Álvarez","oneway":"yes"},"geometry":{"type":"LineString","coordinates":[[-58.519651,-34.552704],[-58.516652,-34.551355]]}},{"type":"Feature","properties":{"id":1001935303,"kind":"rail","class":"rail"},"geometry":{"type":"LineString","coordinates":[[-58.513326,-34.556581],[-58.513756,-34.556445],[-58.514075,-34.556396],[-58.514645,-34.556465],[-58.518,-34.557834]]}},{"type":"Feature","properties":{"id":1285055537,"kind":"road","class":"secondary","name":"Francisco Narciso de Laprida","oneway":"no"},"geometry":{"type":"LineString","coordinates":[[-58.508773,-34.550045],[-58.510824,-34.550967]]}},{"type":"Feature","properties":{"id":1474038688,"kind":"road","class":"residential","name":"Manuel Blanco Encalada","oneway":"yes"},"geometry":{"type":"LineString","coordinates":[[-58.514186,-34.554836],[-58.51538,-34.553059]]}},{"type":"Feature","properties":{"id":26343754,"kind":"road","class":"residential","name":"General Juan Gregorio de Las Heras","oneway":"yes"},"geometry":{"type":"LineString","coordinates":[[-58.523612,-34.551921],[-58.519996,-34.550273]]}},{"type":"Feature","properties":{"id":46607700,"kind":"road","class":"residential","name":"Perito Moreno"},"geometry":{"type":"LineString","coordinates":[[-58.523173,-34.548141],[-58.523496,-34.547655]]}},{"type":"Feature","properties":{"id":46607707,"kind":"road","class":"residential","name":"Cochabamba","oneway":"yes"},"geometry":{"type":"LineString","coordinates":[[-58.519195,-34.551466],[-58.519619,-34.550868]]}},{"type":"Feature","properties":{"id":46607708,"kind":"road","class":"residential","name":"Luis Berutti"},"geometry":{"type":"LineString","coordinates":[[-58.522211,-34.549134],[-58.522112,-34.549274]]}},{"type":"Feature","properties":{"id":46607709,"kind":"road","class":"residential","name":"Habana","oneway":"yes"},"geometry":{"type":"LineString","coordinates":[[-58.521377,-34.552464],[-58.523178,-34.549777]]}},{"type":"Feature","properties":{"id":46607715,"kind":"road","class":"residential","name":"General Balcarce","oneway":"yes"},"geometry":{"type":"LineString","coordinates":[[-58.518926,-34.549786],[-58.518102,-34.550966]]}},{"type":"Feature","properties":{"id":81801709,"kind":"road","class":"residential","name":"General Juan Gregorio de Las Heras","oneway":"yes"},"geometry":{"type":"LineString","coordinates":[[-58.518926,-34.549786],[-58.517128,-34.548974]]}},{"type":"Feature","properties":{"id":81801723,"kind":"road","class":"residential","name":"Cochabamba","oneway":"yes"},"geometry":{"type":"LineString","coordinates":[[-58.519996,-34.550273],[-58.52103,-34.548757]]}},{"type":"Feature","properties":{"id":81801728,"kind":"road","class":"residential","name":"General Juan Gregorio de Las Heras","oneway":"yes"},"geometry":{"type":"LineString","coordinates":[[-58.519996,-34.550273],[-58.518926,-34.549786]]}},{"type":"Feature","properties":{"id":81801740,"kind":"road","class":"residential","name":"Cochabamba","oneway":"yes"},"geometry":{"type":"LineString","coordinates":[[-58.519619,-34.550868],[-58.519996,-34.550273]]}},{"type":"Feature","properties":{"id":81801745,"kind":"road","class":"residential","name":"Juana Azurduy","oneway":"yes"},"geometry":{"type":"LineString","coordinates":[[-58.519945,-34.548248],[-58.520205,-34.54788],[-58.520389,-34.547711],[-58.520605,-34.547598],[-58.521075,-34.547456]]}},{"type":"Feature","properties":{"id":81801755,"kind":"road","class":"residential","name":"General Juan Lavalle","oneway":"yes"},"geometry":{"type":"LineString","coordinates":[[-58.519619,-34.550868],[-58.523206,-34.552512]]}},{"type":"Feature","properties":{"id":81801761,"kind":"road","class":"residential","name":"General Juan Lavalle","oneway":"yes"},"geometry":{"type":"LineString","coordinates":[[-58.518535,-34.550376],[-58.519619,-34.550868]]}},{"type":"Feature","properties":{"id":83145236,"kind":"road","class":"residential","name":"General Balcarce","oneway":"yes"},"geometry":{"type":"LineString","coordinates":[[-58.519945,-34.548248],[-58.51946,-34.548963]]}},{"type":"Feature","properties":{"id":83145252,"kind":"road","class":"residential","name":"Los Pozos"},"geometry":{"type":"LineString","coordinates":[[-58.52103,-34.548757],[-58.521445,-34.548192]]}},{"type":"Feature","properties":{"id":311682214,"kind":"road","class":"residential","name":"General Martín Miguel de Güemes","oneway":"yes"},"geometry":{"type":"LineString","coordinates":[[-58.517717,-34.548126],[-58.51946,-34.548963]]}},{"type":"Feature","properties":{"id":360389682,"kind":"road","class":"residential","name":"Habana"},"geometry":{"type":"LineString","coordinates":[[-58.523178,-34.549777],[-58.523273,-34.549641]]}},{"type":"Feature","properties":{"id":360389683,"kind":"road","class":"residential","name":"Antonio Luis Berutti","oneway":"yes"},"geometry":{"type":"LineString","coordinates":[[-58.522112,-34.549274],[-58.520325,-34.551909],[-58.520249,-34.551949]]}},{"type":"Feature","properties":{"id":375751568,"kind":"road","class":"residential","name":"General Balcarce","oneway":"yes"},"geometry":{"type":"LineString","coordinates":[[-58.51946,-34.548963],[-58.518926,-34.549786]]}},{"type":"Feature","properties":{"id":625863101,"kind":"road","class":"residential","name":"Antonio Luis Berutti"},"geometry":{"type":"LineString","coordinates":[[-58.522852,-34.547356],[-58.522563,-34.547802]]}},{"type":"Feature","properties":{"id":46607718,"kind":"road","class":"residential","name":"Agustín Álvarez"},"geometry":{"type":"LineString","coordinates":[[-58.516286,-34.551219],[-58.516652,-34.551355]]}},{"type":"Feature","properties":{"id":83145232,"kind":"road","class":"residential","name":"Domingo French","oneway":"yes"},"geometry":{"type":"LineString","coordinates":[[-58.515521,-34.54958],[-58.513724,-34.552296]]}},{"type":"Feature","properties":{"id":83145251,"kind":"road","class":"residential","name":"General Juan Lavalle","oneway":"yes"},"geometry":{"type":"LineString","coordinates":[[-58.515675,-34.549068],[-58.515821,-34.549137]]}},{"type":"Feature","properties":{"id":83145266,"kind":"road","class":"residential","name":"Domingo French","oneway":"yes"},"geometry":{"type":"LineString","coordinates":[[-58.515821,-34.549137],[-58.515521,-34.54958]]}},{"type":"Feature","properties":{"id":83145268,"kind":"road","class":"residential","name":"Egipto","oneway":"yes"},"geometry":{"type":"LineString","coordinates":[[-58.515675,-34.549068],[-58.515521,-34.54958]]}},{"type":"Feature","properties":{"id":83145273,"kind":"road","class":"residential","name":"Egipto","oneway":"yes"},"geometry":{"type":"LineString","coordinates":[[-58.515934,-34.54837],[-58.515675,-34.549068]]}},{"type":"Feature","properties":{"id":307525972,"kind":"road","class":"secondary","name":"Francisco Narciso de Laprida","oneway":"no"},"geometry":{"type":"LineString","coordinates":[[-58.51319,-34.552053],[-58.513724,-34.552296]]}},{"type":"Feature","properties":{"id":311489417,"kind":"road","class":"secondary","name":"Francisco Narciso de Laprida","oneway":"no"},"geometry":{"type":"LineString","coordinates":[[-58.513724,-34.552296],[-58.514284,-34.55256]]}},{"type":"Feature","properties":{"id":311682212,"kind":"road","class":"secondary","name":"Francisco Narciso de Laprida","oneway":"no"},"geometry":{"type":"LineString","coordinates":[[-58.513013,-34.551971],[-58.51319,-34.552053]]}},{"type":"Feature","properties":{"id":361044091,"kind":"road","class":"residential","name":"Adolfo Alsina"},"geometry":{"type":"LineString","coordinates":[[-58.514315,-34.551363],[-58.514627,-34.55147]]}},{"type":"Feature","properties":{"id":508204363,"kind":"road","class":"residential","name":"Agustín Álvarez","oneway":"no"},"geometry":{"type":"LineString","coordinates":[[-58.515194,-34.550649],[-58.514902,-34.550511]]}},{"type":"Feature","properties":{"id":640337083,"kind":"road","class":"secondary","name":"Francisco Narciso de Laprida","oneway":"no"},"geometry":{"type":"LineString","coordinates":[[-58.514284,-34.55256],[-58.516813,-34.553705]]}},{"type":"Feature","properties":{"id":1285055521,"kind":"road","class":"secondary","name":"Francisco Narciso de Laprida","oneway":"no"},"geometry":{"type":"LineString","coordinates":[[-58.511016,-34.551053],[-58.511626,-34.551333]]}},{"type":"Feature","properties":{"id":1285055522,"kind":"road","class":"secondary","name":"Francisco Narciso de Laprida","oneway":"no"},"geometry":{"type":"LineString","coordinates":[[-58.510824,-34.550967],[-58.511016,-34.551053]]}},{"type":"Feature","properties":{"id":1285055523,"kind":"road","class":"secondary","name":"Francisco Narciso de Laprida","oneway":"no"},"geometry":{"type":"LineString","coordinates":[[-58.511626,-34.551333],[-58.512103,-34.551558]]}},{"type":"Feature","properties":{"id":1285055524,"kind":"road","class":"secondary","name":"Francisco Narciso de Laprida","oneway":"no"},"geometry":{"type":"LineString","coordinates":[[-58.512103,-34.551558],[-58.512288,-34.551637]]}},{"type":"Feature","properties":{"id":1285063515,"kind":"road","class":"secondary","name":"Francisco Narciso de Laprida","oneway":"no"},"geometry":{"type":"LineString","coordinates":[[-58.512288,-34.551637],[-58.513013,-34.551971]]}},{"type":"Feature","properties":{"id":1442048585,"kind":"road","class":"residential","name":"Egipto","oneway":"yes"},"geometry":{"type":"LineString","coordinates":[[-58.515934,-34.54837],[-58.51625,-34.547406]]}},{"type":"Feature","properties":{"id":39337424,"kind":"road","class":"residential","name":"96 - Bermejo"},"geometry":{"type":"LineString","coordinates":[[-58.531995,-34.542065],[-58.534471,-34.544139]]}},{"type":"Feature","properties":{"id":39337452,"kind":"road","class":"residential","name":"98 - Santa Adelina"},"geometry":{"type":"LineString","coordinates":[[-58.532336,-34.541246],[-58.534167,-34.54279]]}},{"type":"Feature","properties":{"id":39337654,"kind":"road","class":"residential","name":"Pasaje 90 - Martín Miguel de Güemes"},"geometry":{"type":"LineString","coordinates":[[-58.532899,-34.546133],[-58.531644,-34.545]]}},{"type":"Feature","properties":{"id":39337813,"kind":"road","class":"residential","name":"88 - Independencia","oneway":"yes"},"geometry":{"type":"LineString","coordinates":[[-58.53146,-34.547236],[-58.530236,-34.546114]]}},{"type":"Feature","properties":{"id":39337841,"kind":"road","class":"residential","name":"Pasaje 90 - Roberto Giménez"},"geometry":{"type":"LineString","coordinates":[[-58.531797,-34.543963],[-58.532213,-34.544298]]}},{"type":"Feature","properties":{"id":47413218,"kind":"road","class":"residential","name":"94 - Italia","oneway":"yes"},"geometry":{"type":"LineString","coordinates":[[-58.530831,-34.542],[-58.531488,-34.542552]]}},{"type":"Feature","properties":{"id":129971678,"kind":"road","class":"residential","name":"92 - Francia","oneway":"yes"},"geometry":{"type":"LineString","coordinates":[[-58.531011,-34.543028],[-58.530337,-34.542473]]}},{"type":"Feature","properties":{"id":172851145,"kind":"road","class":"residential","name":"11 - Uriburu","oneway":"yes"},"geometry":{"type":"LineString","coordinates":[[-58.531488,-34.542552],[-58.531995,-34.542065]]}},{"type":"Feature","properties":{"id":172999367,"kind":"road","class":"residential","name":"17 - Familia Repetto - Garde"},"geometry":{"type":"LineString","coordinates":[[-58.532213,-34.544298],[-58.532284,-34.544423],[-58.532234,-34.544533],[-58.531644,-34.545]]}},{"type":"Feature","properties":{"id":172999368,"kind":"road","class":"residential","name":"90 - Jorge Masqueda"},"geometry":{"type":"LineString","coordinates":[[-58.53025,-34.543765],[-58.531119,-34.544376]]}},{"type":"Feature","properties":{"id":172999369,"kind":"road","class":"residential","name":"15 - Hermanos Quinteros"},"geometry":{"type":"LineString","coordinates":[[-58.530572,-34.544903],[-58.53143,-34.544066],[-58.531645,-34.543976],[-58.531797,-34.543963]]}},{"type":"Feature","properties":{"id":172999373,"kind":"road","class":"residential","name":"13 - Claudio Fernández","oneway":"yes"},"geometry":{"type":"LineString","coordinates":[[-58.532496,-34.542487],[-58.533171,-34.541941]]}},{"type":"Feature","properties":{"id":172999374,"kind":"road","class":"residential","name":"17 - Familia Repetto - Garde"},"geometry":{"type":"LineString","coordinates":[[-58.534445,-34.542596],[-58.533475,-34.54331],[-58.532289,-34.544277],[-58.532213,-34.544298]]}},{"type":"Feature","properties":{"id":172999376,"kind":"road","class":"residential","name":"15 - R. Ayala"},"geometry":{"type":"LineString","coordinates":[[-58.533714,-34.542305],[-58.532988,-34.54289],[-58.531797,-34.543963]]}},{"type":"Feature","properties":{"id":172999378,"kind":"road","class":"residential","name":"Pasaje 88 - Carlos La Rosa"},"geometry":{"type":"LineString","coordinates":[[-58.530243,-34.545231],[-58.530254,-34.545342],[-58.530386,-34.545525],[-58.530619,-34.545617],[-58.530749,-34.545617]]}},{"type":"Feature","properties":{"id":379274689,"kind":"road","class":"residential","name":"17 - Familia Repetto - Garde"},"geometry":{"type":"LineString","coordinates":[[-58.531644,-34.545],[-58.531098,-34.545133]]}},{"type":"Feature","properties":{"id":463915597,"kind":"road","class":"residential","name":"11 - Uriburu","oneway":"no"},"geometry":{"type":"LineString","coordinates":[[-58.531995,-34.542065],[-58.532664,-34.541512]]}},{"type":"Feature","properties":{"id":546717476,"kind":"road","class":"residential","name":"Pasaje 90 - María Luisa Otegui"},"geometry":{"type":"LineString","coordinates":[[-58.531098,-34.545133],[-58.530975,-34.544984],[-58.530854,-34.544921],[-58.530572,-34.544903]]}},{"type":"Feature","properties":{"id":546717477,"kind":"road","class":"residential","name":"15 - Hermanos Quinteros"},"geometry":{"type":"LineString","coordinates":[[-58.530572,-34.544903],[-58.530243,-34.545231]]}},{"type":"Feature","properties":{"id":546717478,"kind":"road","class":"residential","name":"17 - Familia Repetto - Garde"},"geometry":{"type":"LineString","coordinates":[[-58.530749,-34.545617],[-58.531,-34.545511],[-58.531122,-34.545302]]}},{"type":"Feature","properties":{"id":1050676568,"kind":"road","class":"residential","name":"9 - Canese"},"geometry":{"type":"LineString","coordinates":[[-58.531279,-34.541463],[-58.530831,-34.542]]}},{"type":"Feature","properties":{"id":1051407953,"kind":"road","class":"residential","name":"96 - Bermejo"},"geometry":{"type":"LineString","coordinates":[[-58.531279,-34.541463],[-58.531995,-34.542065]]}},{"type":"Feature","properties":{"id":1051407956,"kind":"road","class":"residential","name":"9 - Canese","oneway":"yes"},"geometry":{"type":"LineString","coordinates":[[-58.530831,-34.542],[-58.530337,-34.542473]]}},{"type":"Feature","properties":{"id":1051714084,"kind":"road","class":"residential","name":"11 - Uriburu","oneway":"yes"},"geometry":{"type":"LineString","coordinates":[[-58.531011,-34.543028],[-58.531488,-34.542552]]}},{"type":"Feature","properties":{"id":1329437886,"kind":"road","class":"residential","name":"19 - Doctor Marcos Zimmermann","oneway":"yes"},"geometry":{"type":"LineString","coordinates":[[-58.533974,-34.543722],[-58.534928,-34.542984]]}},{"type":"Feature","properties":{"id":1329741349,"kind":"road","class":"tertiary","name":"23 - 4 de Febrero"},"geometry":{"type":"LineString","coordinates":[[-58.534961,-34.544581],[-58.533864,-34.545412]]}},{"type":"Feature","properties":{"id":1329741351,"kind":"road","class":"residential","name":"19 - Doctor Marcos Zimmermann","oneway":"yes"},"geometry":{"type":"LineString","coordinates":[[-58.531941,-34.545272],[-58.533974,-34.543722]]}},{"type":"Feature","properties":{"id":1329741352,"kind":"road","class":"residential","name":"13 - Claudio Fernández"},"geometry":{"type":"LineString","coordinates":[[-58.532496,-34.542487],[-58.530252,-34.544672]]}},{"type":"Feature","properties":{"id":1329742260,"kind":"road","class":"residential","name":"17 - Familia Repetto - Garde"},"geometry":{"type":"LineString","coordinates":[[-58.531122,-34.545302],[-58.531098,-34.545133]]}},{"type":"Feature","properties":{"id":28306368,"kind":"road","class":"secondary","name":"90 - Martín Miguel de Güemes (SM) / Presidente Hipólito Yrigoyen (VL)","oneway":"no"},"geometry":{"type":"LineString","coordinates":[[-58.529089,-34.542365],[-58.527673,-34.541709]]}},{"type":"Feature","properties":{"id":47081309,"kind":"road","class":"secondary","name":"1 - Avenida de los Constituyentes (GSM) / Avenida de los Constituyentes (VL)"},"geometry":{"type":"LineString","coordinates":[[-58.529089,-34.542365],[-58.526812,-34.544833]]}},{"type":"Feature","properties":{"id":47413194,"kind":"road","class":"residential","name":"7 - De los Constituyentes"},"geometry":{"type":"LineString","coordinates":[[-58.530018,-34.541354],[-58.529573,-34.541866]]}},{"type":"Feature","properties":{"id":47413196,"kind":"road","class":"secondary","name":"Diagonal 76 - Juan Martín Campos","oneway":"no"},"geometry":{"type":"LineString","coordinates":[[-58.527499,-34.54644],[-58.526751,-34.545147]]}},{"type":"Feature","properties":{"id":81539580,"kind":"road","class":"residential","name":"Antonio Luis Berutti","oneway":"yes"},"geometry":{"type":"LineString","coordinates":[[-58.527673,-34.541709],[-58.526642,-34.543171]]}},{"type":"Feature","properties":{"id":81539597,"kind":"road","class":"residential","name":"Balcarce"},"geometry":{"type":"LineString","coordinates":[[-58.525765,-34.542033],[-58.526443,-34.541122]]}},{"type":"Feature","properties":{"id":172817251,"kind":"road","class":"secondary","name":"Avenida 1 - Sir Alexander Fleming","oneway":"no"},"geometry":{"type":"LineString","coordinates":[[-58.527519,-34.541634],[-58.527887,-34.540936]]}},{"type":"Feature","properties":{"id":172851144,"kind":"road","class":"residential","name":"Pasaje 88 - Justo José de Urquiza","oneway":"yes"},"geometry":{"type":"LineString","coordinates":[[-58.528906,-34.543852],[-58.528271,-34.543353],[-58.528224,-34.543272]]}},{"type":"Feature","properties":{"id":172851146,"kind":"road","class":"residential","name":"88 - Independencia","oneway":"no"},"geometry":{"type":"LineString","coordinates":[[-58.527414,-34.544161],[-58.528053,-34.544689]]}},{"type":"Feature","properties":{"id":172999375,"kind":"road","class":"residential","name":"Pasaje 86 - Patrica Zaldarreaga"},"geometry":{"type":"LineString","coordinates":[[-58.529796,-34.546436],[-58.529353,-34.546099]]}},{"type":"Feature","properties":{"id":172999377,"kind":"road","class":"residential","name":"13 - Claudio Fernández","oneway":"yes"},"geometry":{"type":"LineString","coordinates":[[-58.52937,-34.545538],[-58.528167,-34.546711],[-58.527774,-34.546953]]}},{"type":"Feature","properties":{"id":420136579,"kind":"road","class":"tertiary","name":"General José de San Martín","oneway":"yes"},"geometry":{"type":"LineString","coordinates":[[-58.526503,-34.544994],[-58.525663,-34.544561]]}},{"type":"Feature","properties":{"id":420136590,"kind":"road","class":"secondary","name":"90 - Martín Miguel de Güemes (SM) / Presidente Hipólito Yrigoyen (VL)","oneway":"no"},"geometry":{"type":"LineString","coordinates":[[-58.527673,-34.541709],[-58.527519,-34.541634]]}},{"type":"Feature","properties":{"id":1051407954,"kind":"road","class":"residential","name":"92 - Francia","oneway":"yes"},"geometry":{"type":"LineString","coordinates":[[-58.529573,-34.541866],[-58.527887,-34.540936]]}},{"type":"Feature","properties":{"id":1051407957,"kind":"road","class":"residential","name":"7 - De los Constituyentes"},"geometry":{"type":"LineString","coordinates":[[-58.529573,-34.541866],[-58.529089,-34.542365]]}},{"type":"Feature","properties":{"id":1178016365,"kind":"road","class":"residential","name":"88 - Independencia"},"geometry":{"type":"LineString","coordinates":[[-58.529695,-34.545769],[-58.528787,-34.545201]]}},{"type":"Feature","properties":{"id":1178016366,"kind":"road","class":"residential","name":"88 - Independencia"},"geometry":{"type":"LineString","coordinates":[[-58.530114,-34.546176],[-58.529669,-34.545816]]}},{"type":"Feature","properties":{"id":1178016367,"kind":"road","class":"living_street","name":"Pasaje 86 - Patrica Zaldarreaga"},"geometry":{"type":"LineString","coordinates":[[-58.530088,-34.546699],[-58.529796,-34.546436]]}},{"type":"Feature","properties":{"id":1329437883,"kind":"road","class":"residential","name":"88 - Independencia","oneway":"no"},"geometry":{"type":"LineString","coordinates":[[-58.528053,-34.544689],[-58.528682,-34.545159],[-58.528787,-34.545201]]}},{"type":"Feature","properties":{"id":1329437884,"kind":"road","class":"residential","name":"13 - Claudio Fernández"},"geometry":{"type":"LineString","coordinates":[[-58.52937,-34.545538],[-58.529918,-34.545006]]}},{"type":"Feature","properties":{"id":1329642453,"kind":"road","class":"secondary","name":"Diagonal 76 - Juan Martín Campos","oneway":"no"},"geometry":{"type":"LineString","coordinates":[[-58.526751,-34.545147],[-58.526615,-34.545054]]}},{"type":"Feature","properties":{"id":1329642454,"kind":"road","class":"tertiary","name":"General José de San Martín","oneway":"yes"},"geometry":{"type":"LineString","coordinates":[[-58.526615,-34.545054],[-58.526503,-34.544994]]}},{"type":"Feature","properties":{"id":1329642455,"kind":"road","class":"secondary","name":"1 - Avenida de los Constituyentes (GSM) / Avenida de los Constituyentes (VL)"},"geometry":{"type":"LineString","coordinates":[[-58.526812,-34.544833],[-58.526615,-34.545054]]}},{"type":"Feature","properties":{"id":1329679326,"kind":"road","class":"residential","name":"Antonio Luis Berutti","oneway":"no"},"geometry":{"type":"LineString","coordinates":[[-58.525663,-34.544561],[-58.526642,-34.543171]]}},{"type":"Feature","properties":{"id":1329740128,"kind":"road","class":"residential","name":"Pasaje 88 - Justo José de Urquiza","oneway":"no"},"geometry":{"type":"LineString","coordinates":[[-58.529585,-34.544408],[-58.528906,-34.543852]]}},{"type":"Feature","properties":{"id":26342466,"kind":"road","class":"residential","name":"9 - Canese"},"geometry":{"type":"LineString","coordinates":[[-58.533459,-34.539616],[-58.53333,-34.539701],[-58.532314,-34.540825],[-58.531774,-34.540932],[-58.531279,-34.541463]]}},{"type":"Feature","properties":{"id":39337824,"kind":"road","class":"residential","name":"90 - Martín Miguel de Güemes","oneway":"yes"},"geometry":{"type":"LineString","coordinates":[[-58.529089,-34.542365],[-58.529854,-34.542928],[-58.530523,-34.543501]]}},{"type":"Feature","properties":{"id":39337838,"kind":"road","class":"residential","name":"17 - Familia Repetto - Garde"},"geometry":{"type":"LineString","coordinates":[[-58.530749,-34.545617],[-58.530668,-34.545743],[-58.529796,-34.546436]]}},{"type":"Feature","properties":{"id":39337842,"kind":"road","class":"residential","name":"15 - Hermanos Quinteros"},"geometry":{"type":"LineString","coordinates":[[-58.529353,-34.546099],[-58.530243,-34.545231]]}},{"type":"Feature","properties":{"id":40017867,"kind":"road","class":"residential","name":"Esmeralda","oneway":"yes"},"geometry":{"type":"LineString","coordinates":[[-58.518314,-34.534691],[-58.524898,-34.537915]]}},{"type":"Feature","properties":{"id":46607686,"kind":"road","class":"residential","name":"Concejal Natalio Querido","oneway":"yes"},"geometry":{"type":"LineString","coordinates":[[-58.529718,-34.533143],[-58.52846,-34.534893],[-58.528039,-34.535541]]}},{"type":"Feature","properties":{"id":46607687,"kind":"road","class":"residential","name":"Nicaragua","oneway":"yes"},"geometry":{"type":"LineString","coordinates":[[-58.531219,-34.534652],[-58.528179,-34.533216]]}},{"type":"Feature","properties":{"id":46607691,"kind":"road","class":"residential","name":"Carlos María de Calvo","oneway":"yes"},"geometry":{"type":"LineString","coordinates":[[-58.525747,-34.540782],[-58.52749,-34.538389]]}},{"type":"Feature","properties":{"id":46607694,"kind":"road","class":"residential","name":"Coronel Juan Pascual Pringles","oneway":"yes"},"geometry":{"type":"LineString","coordinates":[[-58.52173,-34.540695],[-58.527794,-34.543745]]}},{"type":"Feature","properties":{"id":46607696,"kind":"road","class":"residential","name":"Libertad","oneway":"yes"},"geometry":{"type":"LineString","coordinates":[[-58.528224,-34.543272],[-58.528174,-34.543184],[-58.520899,-34.53964]]}},{"type":"Feature","properties":{"id":46607699,"kind":"road","class":"residential","name":"Balcarce","oneway":"yes"},"geometry":{"type":"LineString","coordinates":[[-58.524854,-34.542285],[-58.522326,-34.545983]]}},{"type":"Feature","properties":{"id":47081288,"kind":"road","class":"tertiary","name":"Presidente Hipólito Yrigoyen","oneway":"yes"},"geometry":{"type":"LineString","coordinates":[[-58.525192,-34.540528],[-58.527519,-34.541634]]}},{"type":"Feature","properties":{"id":77190890,"kind":"road","class":"tertiary","name":"General José de San Martín","oneway":"yes"},"geometry":{"type":"LineString","coordinates":[[-58.525663,-34.544561],[-58.523246,-34.543327]]}},{"type":"Feature","properties":{"id":81539575,"kind":"road","class":"secondary","name":"100 - Entre Ríos","oneway":"no"},"geometry":{"type":"LineString","coordinates":[[-58.533582,-34.539691],[-58.534167,-34.540299]]}},{"type":"Feature","properties":{"id":81798289,"kind":"road","class":"residential","name":"Gervasio Méndez","oneway":"yes"},"geometry":{"type":"LineString","coordinates":[[-58.524629,-34.532249],[-58.522945,-34.534586]]}},{"type":"Feature","properties":{"id":81801711,"kind":"road","class":"tertiary","name":"Presidente Hipólito Yrigoyen","oneway":"yes"},"geometry":{"type":"LineString","coordinates":[[-58.522703,-34.53931],[-58.524643,-34.540269]]}},{"type":"Feature","properties":{"id":81801724,"kind":"road","class":"residential","name":"Italia","oneway":"yes"},"geometry":{"type":"LineString","coordinates":[[-58.528103,-34.540268],[-58.517511,-34.535095]]}},{"type":"Feature","properties":{"id":81801736,"kind":"road","class":"residential","name":"Gervasio Posadas","oneway":"yes"},"geometry":{"type":"LineString","coordinates":[[-58.523607,-34.539764],[-58.524465,-34.538485],[-58.527456,-34.5344],[-58.527851,-34.533814],[-58.528489,-34.532554]]}},{"type":"Feature","properties":{"id":84268588,"kind":"road","class":"tertiary","name":"Carlos Villate","oneway":"yes"},"geometry":{"type":"LineString","coordinates":[[-58.528039,-34.535541],[-58.522719,-34.532925]]}},{"type":"Feature","properties":{"id":84268614,"kind":"road","class":"secondary","name":"Sir Alexander Fleming","oneway":"no"},"geometry":{"type":"LineString","coordinates":[[-58.529812,-34.537315],[-58.530217,-34.536613]]}},{"type":"Feature","properties":{"id":84268616,"kind":"road","class":"residential","name":"Virrey Olaguer y Feliú","oneway":"yes"},"geometry":{"type":"LineString","coordinates":[[-58.529533,-34.537816],[-58.522945,-34.534586]]}},{"type":"Feature","properties":{"id":84503729,"kind":"road","class":"secondary","name":"Avenida Vélez Sarsfield"},"geometry":{"type":"LineString","coordinates":[[-58.534839,-34.534978],[-58.531641,-34.533791]]}},{"type":"Feature","properties":{"id":84503736,"kind":"road","class":"secondary","name":"100 - Entre Ríos","oneway":"no"},"geometry":{"type":"LineString","coordinates":[[-58.529812,-34.537315],[-58.533325,-34.539534]]}},{"type":"Feature","properties":{"id":85081702,"kind":"road","class":"residential","name":"Domingo Martínez de Irala","oneway":"yes"},"geometry":{"type":"LineString","coordinates":[[-58.526496,-34.534769],[-58.527324,-34.533558]]}},{"type":"Feature","properties":{"id":85099555,"kind":"road","class":"residential","name":"Antonio Malaver","oneway":"yes"},"geometry":{"type":"LineString","coordinates":[[-58.519084,-34.534286],[-58.528869,-34.539069]]}},{"type":"Feature","properties":{"id":85913488,"kind":"road","class":"residential","name":"José Hernández","oneway":"yes"},"geometry":{"type":"LineString","coordinates":[[-58.527096,-34.530842],[-58.530908,-34.532682],[-58.532116,-34.533006],[-58.534267,-34.533815]]}},{"type":"Feature","properties":{"id":130309966,"kind":"road","class":"residential","name":"Antartida Argentina","oneway":"yes"},"geometry":{"type":"LineString","coordinates":[[-58.523198,-34.536302],[-58.527096,-34.530842]]}},{"type":"Feature","properties":{"id":130309970,"kind":"road","class":"residential","name":"Cornelio Saavedra","oneway":"yes"},"geometry":{"type":"LineString","coordinates":[[-58.524249,-34.536815],[-58.523422,-34.537981]]}},{"type":"Feature","properties":{"id":172817242,"kind":"road","class":"residential","name":"Gervasio Posadas","oneway":"yes"},"geometry":{"type":"LineString","coordinates":[[-58.523294,-34.540816],[-58.523957,-34.539941]]}},{"type":"Feature","properties":{"id":172817245,"kind":"road","class":"residential","name":"Ingeniero Guillermo Marconi","oneway":"yes"},"geometry":{"type":"LineString","coordinates":[[-58.524629,-34.532249],[-58.530891,-34.535294]]}},{"type":"Feature","properties":{"id":172817250,"kind":"road","class":"residential","name":"Manuel Belzú","oneway":"yes"},"geometry":{"type":"LineString","coordinates":[[-58.530569,-34.535924],[-58.527456,-34.5344]]}},{"type":"Feature","properties":{"id":172820968,"kind":"road","class":"residential","name":"Domingo Matheu","oneway":"yes"},"geometry":{"type":"LineString","coordinates":[[-58.531735,-34.538514],[-58.534704,-34.533004]]}},{"type":"Feature","properties":{"id":172820978,"kind":"road","class":"residential","name":"Mendoza","oneway":"yes"},"geometry":{"type":"LineString","coordinates":[[-58.533507,-34.529799],[-58.534013,-34.532549],[-58.533064,-34.534319]]}},{"type":"Feature","properties":{"id":172874713,"kind":"road","class":"residential","name":"Cornelio Saavedra","oneway":"yes"},"geometry":{"type":"LineString","coordinates":[[-58.528719,-34.530553],[-58.524249,-34.536815]]}},{"type":"Feature","properties":{"id":172876993,"kind":"road","class":"secondary","name":"Sir Alexander Fleming","oneway":"no"},"geometry":{"type":"LineString","coordinates":[[-58.530217,-34.536613],[-58.531641,-34.533791]]}},{"type":"Feature","properties":{"id":172999370,"kind":"road","class":"residential","name":"Pasaje 88 - Carlos La Rosa"},"geometry":{"type":"LineString","coordinates":[[-58.529378,-34.544608],[-58.530243,-34.545231]]}},{"type":"Feature","properties":{"id":172999372,"kind":"road","class":"residential","name":"Pasaje 90 - María Luisa Otegui"},"geometry":{"type":"LineString","coordinates":[[-58.530572,-34.544903],[-58.529702,-34.544295]]}},{"type":"Feature","properties":{"id":184062533,"kind":"road","class":"residential","name":"Francia","oneway":"yes"},"geometry":{"type":"LineString","coordinates":[[-58.524073,-34.539082],[-58.527887,-34.540936]]}},{"type":"Feature","properties":{"id":255851769,"kind":"road","class":"residential","name":"Carlos María de Calvo","oneway":"yes"},"geometry":{"type":"LineString","coordinates":[[-58.52903,-34.53603],[-58.530762,-34.533636]]}},{"type":"Feature","properties":{"id":269558449,"kind":"road","class":"residential","name":"11 - Uriburu","oneway":"yes"},"geometry":{"type":"LineString","coordinates":[[-58.527499,-34.54644],[-58.531011,-34.543028]]}},{"type":"Feature","properties":{"id":375751569,"kind":"road","class":"residential","name":"Manuel Blanco Encalada","oneway":"no"},"geometry":{"type":"LineString","coordinates":[[-58.523904,-34.542402],[-58.525192,-34.540528]]}},{"type":"Feature","properties":{"id":680292667,"kind":"road","class":"residential","name":"9 - Canese","oneway":"yes"},"geometry":{"type":"LineString","coordinates":[[-58.530337,-34.542473],[-58.527048,-34.545656]]}},{"type":"Feature","properties":{"id":757860699,"kind":"road","class":"residential","name":"94 - Italia","oneway":"yes"},"geometry":{"type":"LineString","coordinates":[[-58.530018,-34.541354],[-58.530831,-34.542]]}},{"type":"Feature","properties":{"id":757860700,"kind":"road","class":"residential","name":"94 - Italia","oneway":"no"},"geometry":{"type":"LineString","coordinates":[[-58.528189,-34.540361],[-58.530018,-34.541354]]}},{"type":"Feature","properties":{"id":1011376455,"kind":"road","class":"residential","name":"Manuel Blanco Encalada","oneway":"no"},"geometry":{"type":"LineString","coordinates":[[-58.523246,-34.543327],[-58.523904,-34.542402]]}},{"type":"Feature","properties":{"id":1051407955,"kind":"road","class":"residential","name":"92 - Francia","oneway":"yes"},"geometry":{"type":"LineString","coordinates":[[-58.530337,-34.542473],[-58.529573,-34.541866]]}},{"type":"Feature","properties":{"id":1051714083,"kind":"road","class":"secondary","name":"Avenida 1 - Sir Alexander Fleming","oneway":"no"},"geometry":{"type":"LineString","coordinates":[[-58.527887,-34.540936],[-58.528189,-34.540361]]}},{"type":"Feature","properties":{"id":1091650311,"kind":"road","class":"tertiary","name":"Carlos Villate","oneway":"yes"},"geometry":{"type":"LineString","coordinates":[[-58.530217,-34.536613],[-58.528039,-34.535541]]}},{"type":"Feature","properties":{"id":12372245,"kind":"road","class":"residential","name":"Nicaragua","oneway":"yes"},"geometry":{"type":"LineString","coordinates":[[-58.531275,-34.534543],[-58.534434,-34.535729]]}},{"type":"Feature","properties":{"id":172817239,"kind":"road","class":"residential","name":"Carlos Villate","oneway":"no"},"geometry":{"type":"LineString","coordinates":[[-58.534325,-34.538154],[-58.531311,-34.537031]]}},{"type":"Feature","properties":{"id":172817243,"kind":"road","class":"residential","name":"Ingeniero Guillermo Marconi","oneway":"yes"},"geometry":{"type":"LineString","coordinates":[[-58.534024,-34.536483],[-58.530891,-34.535294]]}},{"type":"Feature","properties":{"id":172817249,"kind":"road","class":"residential","name":"Manuel Belzú","oneway":"yes"},"geometry":{"type":"LineString","coordinates":[[-58.534682,-34.537479],[-58.530569,-34.535924]]}},{"type":"Feature","properties":{"id":172820964,"kind":"road","class":"residential","name":"Bahía Blanca","oneway":"no"},"geometry":{"type":"LineString","coordinates":[[-58.531983,-34.538053],[-58.532956,-34.538436]]}},{"type":"Feature","properties":{"id":172820970,"kind":"road","class":"residential","name":"Fray Mamerto Esquiú","oneway":"yes"},"geometry":{"type":"LineString","coordinates":[[-58.534839,-34.534978],[-58.532956,-34.538436]]}},{"type":"Feature","properties":{"id":172820974,"kind":"road","class":"residential","name":"José Eusebio Colombres","oneway":"yes"},"geometry":{"type":"LineString","coordinates":[[-58.530842,-34.537952],[-58.531996,-34.535717]]}},{"type":"Feature","properties":{"id":172876985,"kind":"road","class":"residential","name":"Fray Mamerto Esquiú","oneway":"yes"},"geometry":{"type":"LineString","coordinates":[[-58.532956,-34.538436],[-58.532601,-34.539084]]}},{"type":"Feature","properties":{"id":172876990,"kind":"road","class":"residential","name":"Rosario","oneway":"no"},"geometry":{"type":"LineString","coordinates":[[-58.533459,-34.539616],[-58.533544,-34.53955],[-58.533954,-34.538814]]}},{"type":"Feature","properties":{"id":172876991,"kind":"road","class":"residential","name":"Rosario","oneway":"no"},"geometry":{"type":"LineString","coordinates":[[-58.533954,-34.538814],[-58.534682,-34.537479]]}},{"type":"Feature","properties":{"id":173060474,"kind":"road","class":"residential","name":"Bahía Blanca","oneway":"no"},"geometry":{"type":"LineString","coordinates":[[-58.532956,-34.538436],[-58.533954,-34.538814]]}},{"type":"Feature","properties":{"id":420148977,"kind":"road","class":"residential","name":"Carlos Villate","oneway":"no"},"geometry":{"type":"LineString","coordinates":[[-58.531311,-34.537031],[-58.530217,-34.536613]]}},{"type":"Feature","properties":{"id":1329108144,"kind":"road","class":"secondary","name":"100 - Entre Ríos","oneway":"no"},"geometry":{"type":"LineString","coordinates":[[-58.533325,-34.539534],[-58.533459,-34.539616]]}},{"type":"Feature","properties":{"id":1329108145,"kind":"road","class":"secondary","name":"100 - Entre Ríos","oneway":"no"},"geometry":{"type":"LineString","coordinates":[[-58.533459,-34.539616],[-58.533582,-34.539691]]}},{"type":"Feature","properties":{"id":12429512,"kind":"road","class":"residential","name":"Luis María Drago","oneway":"yes"},"geometry":{"type":"LineString","coordinates":[[-58.529879,-34.537196],[-58.527653,-34.536109]]}},{"type":"Feature","properties":{"id":46607692,"kind":"road","class":"residential","name":"Esmeralda","oneway":"yes"},"geometry":{"type":"LineString","coordinates":[[-58.525981,-34.538422],[-58.528549,-34.539678]]}},{"type":"Feature","properties":{"id":81539583,"kind":"road","class":"residential","name":"El Ceibo","oneway":"yes"},"geometry":{"type":"LineString","coordinates":[[-58.526826,-34.537266],[-58.527885,-34.537815],[-58.529202,-34.538431]]}},{"type":"Feature","properties":{"id":85099533,"kind":"road","class":"secondary","name":"Avenida 1 - Sir Alexander Fleming","oneway":"no"},"geometry":{"type":"LineString","coordinates":[[-58.528869,-34.539069],[-58.529533,-34.537816]]}},{"type":"Feature","properties":{"id":130309968,"kind":"road","class":"residential","name":"Carlos María de Calvo","oneway":"yes"},"geometry":{"type":"LineString","coordinates":[[-58.52749,-34.538389],[-58.529117,-34.536073]]}},{"type":"Feature","properties":{"id":130309978,"kind":"road","class":"residential","name":"Concejal Natalio Querido","oneway":"yes"},"geometry":{"type":"LineString","coordinates":[[-58.526388,-34.537859],[-58.525543,-34.53901]]}},{"type":"Feature","properties":{"id":375751600,"kind":"road","class":"secondary","name":"Avenida 1 - Sir Alexander Fleming","oneway":"no"},"geometry":{"type":"LineString","coordinates":[[-58.529533,-34.537816],[-58.529812,-34.537315]]}},{"type":"Feature","properties":{"id":640328549,"kind":"road","class":"residential","name":"Italia","oneway":"yes"},"geometry":{"type":"LineString","coordinates":[[-58.528189,-34.540361],[-58.528103,-34.540268]]}},{"type":"Feature","properties":{"id":1011376456,"kind":"road","class":"tertiary","name":"Presidente Hipólito Yrigoyen","oneway":"yes"},"geometry":{"type":"LineString","coordinates":[[-58.524643,-34.540269],[-58.525192,-34.540528]]}},{"type":"Feature","properties":{"id":1011376457,"kind":"road","class":"residential","name":"Concejal Natalio Querido","oneway":"yes"},"geometry":{"type":"LineString","coordinates":[[-58.525543,-34.53901],[-58.524643,-34.540269]]}},{"type":"Feature","properties":{"id":1011376458,"kind":"road","class":"secondary","name":"Avenida 1 - Sir Alexander Fleming","oneway":"no"},"geometry":{"type":"LineString","coordinates":[[-58.528189,-34.540361],[-58.528869,-34.539069]]}},{"type":"Feature","properties":{"id":1091650310,"kind":"road","class":"residential","name":"Concejal Natalio Querido","oneway":"yes"},"geometry":{"type":"LineString","coordinates":[[-58.528039,-34.535541],[-58.526388,-34.537859]]}},{"type":"Feature","properties":{"id":26513090,"kind":"road","class":"residential","name":"Gobernador Valentín Vergara","oneway":"yes"},"geometry":{"type":"LineString","coordinates":[[-58.51807,-34.541608],[-58.521152,-34.543112]]}},{"type":"Feature","properties":{"id":26547460,"kind":"road","class":"residential","name":"Domingo French","oneway":"yes"},"geometry":{"type":"LineString","coordinates":[[-58.520377,-34.54274],[-58.519098,-34.544454]]}},{"type":"Feature","properties":{"id":46607698,"kind":"road","class":"residential","name":"Manuel Blanco Encalada","oneway":"no"},"geometry":{"type":"LineString","coordinates":[[-58.52166,-34.545653],[-58.523246,-34.543327]]}},{"type":"Feature","properties":{"id":46607701,"kind":"road","class":"residential","name":"Santa Rosa","oneway":"yes"},"geometry":{"type":"LineString","coordinates":[[-58.520215,-34.54588],[-58.518843,-34.545265]]}},{"type":"Feature","properties":{"id":46607705,"kind":"road","class":"residential","name":"Tuyuti","oneway":"yes"},"geometry":{"type":"LineString","coordinates":[[-58.520931,-34.54679],[-58.52083,-34.546522],[-58.520873,-34.546295],[-58.521369,-34.545522]]}},{"type":"Feature","properties":{"id":46607706,"kind":"road","class":"residential","name":"Brandsen","oneway":"yes"},"geometry":{"type":"LineString","coordinates":[[-58.520678,-34.545192],[-58.520096,-34.546077],[-58.520023,-34.546311],[-58.520004,-34.546537],[-58.520215,-34.547078]]}},{"type":"Feature","properties":{"id":81539588,"kind":"road","class":"residential","name":"Santa Rosa"},"geometry":{"type":"LineString","coordinates":[[-58.52299,-34.547112],[-58.521659,-34.546479]]}},{"type":"Feature","properties":{"id":83145234,"kind":"road","class":"residential","name":"General Justo José de Urquiza","oneway":"yes"},"geometry":{"type":"LineString","coordinates":[[-58.522237,-34.544807],[-58.522907,-34.545162]]}},{"type":"Feature","properties":{"id":83145237,"kind":"road","class":"residential","name":"Comandante Benjamin Franklin","oneway":"yes"},"geometry":{"type":"LineString","coordinates":[[-58.517547,-34.54371],[-58.519276,-34.541336]]}},{"type":"Feature","properties":{"id":83145239,"kind":"road","class":"residential","name":"Gervasio Posadas"},"geometry":{"type":"LineString","coordinates":[[-58.51932,-34.547139],[-58.519021,-34.547193],[-58.518878,-34.546757],[-58.518701,-34.546666]]}},{"type":"Feature","properties":{"id":83145242,"kind":"road","class":"residential","name":"Santa Rosa","oneway":"no"},"geometry":{"type":"LineString","coordinates":[[-58.518494,-34.545346],[-58.517722,-34.544986]]}},{"type":"Feature","properties":{"id":83145248,"kind":"road","class":"residential","name":"Gobernador Valentín Vergara","oneway":"yes"},"geometry":{"type":"LineString","coordinates":[[-58.523544,-34.544243],[-58.522836,-34.543934]]}},{"type":"Feature","properties":{"id":83145249,"kind":"road","class":"residential","name":"Santa Rosa","oneway":"no"},"geometry":{"type":"LineString","coordinates":[[-58.518843,-34.545265],[-58.51862,-34.545164]]}},{"type":"Feature","properties":{"id":83145255,"kind":"road","class":"residential","name":"Martina Cespedes"},"geometry":{"type":"LineString","coordinates":[[-58.519329,-34.544558],[-58.518448,-34.545854]]}},{"type":"Feature","properties":{"id":83145259,"kind":"road","class":"tertiary","name":"General Julio Argentino Roca","oneway":"yes"},"geometry":{"type":"LineString","coordinates":[[-58.519098,-34.544454],[-58.519329,-34.544558]]}},{"type":"Feature","properties":{"id":83145264,"kind":"road","class":"residential","name":"Gervasio Posadas","oneway":"yes"},"geometry":{"type":"LineString","coordinates":[[-58.518701,-34.546666],[-58.519524,-34.545568],[-58.519991,-34.544866]]}},{"type":"Feature","properties":{"id":83145270,"kind":"road","class":"residential","name":"Gervasio Posadas","oneway":"yes"},"geometry":{"type":"LineString","coordinates":[[-58.52159,-34.542491],[-58.520549,-34.543973],[-58.519991,-34.544866]]}},{"type":"Feature","properties":{"id":83145272,"kind":"road","class":"tertiary","name":"General Julio Argentino Roca","oneway":"yes"},"geometry":{"type":"LineString","coordinates":[[-58.519991,-34.544866],[-58.52166,-34.545653]]}},{"type":"Feature","properties":{"id":85081704,"kind":"road","class":"residential","name":"Balcarce","oneway":"no"},"geometry":{"type":"LineString","coordinates":[[-58.521659,-34.546479],[-58.522073,-34.545859]]}},{"type":"Feature","properties":{"id":172817240,"kind":"road","class":"residential","name":"Gervasio Posadas","oneway":"yes"},"geometry":{"type":"LineString","coordinates":[[-58.522924,-34.541313],[-58.521976,-34.542686]]}},{"type":"Feature","properties":{"id":172817241,"kind":"road","class":"residential","name":"Gervasio Posadas","oneway":"no"},"geometry":{"type":"LineString","coordinates":[[-58.523294,-34.540816],[-58.522924,-34.541313]]}},{"type":"Feature","properties":{"id":420136582,"kind":"road","class":"tertiary","name":"General José de San Martín","oneway":"yes"},"geometry":{"type":"LineString","coordinates":[[-58.523246,-34.543327],[-58.520844,-34.542114]]}},{"type":"Feature","properties":{"id":420136595,"kind":"road","class":"tertiary","name":"General Julio Argentino Roca","oneway":"yes"},"geometry":{"type":"LineString","coordinates":[[-58.519329,-34.544558],[-58.519991,-34.544866]]}},{"type":"Feature","properties":{"id":1329481739,"kind":"road","class":"residential","name":"Domingo French","oneway":"no"},"geometry":{"type":"LineString","coordinates":[[-58.520844,-34.542114],[-58.520377,-34.54274]]}},{"type":"Feature","properties":{"id":1329984581,"kind":"road","class":"residential","name":"Gervasio Posadas"},"geometry":{"type":"LineString","coordinates":[[-58.519371,-34.547126],[-58.51932,-34.547139]]}},{"type":"Feature","properties":{"id":26547468,"kind":"road","class":"residential","name":"Florencio Varela","oneway":"yes"},"geometry":{"type":"LineString","coordinates":[[-58.512744,-34.544853],[-58.512521,-34.5458]]}},{"type":"Feature","properties":{"id":40017742,"kind":"road","class":"residential","name":"Florentino Ameghino","oneway":"yes"},"geometry":{"type":"LineString","coordinates":[[-58.511467,-34.544247],[-58.51328,-34.541669]]}},{"type":"Feature","properties":{"id":46607710,"kind":"road","class":"tertiary","name":"General Julio Argentino Roca","oneway":"yes"},"geometry":{"type":"LineString","coordinates":[[-58.51328,-34.541669],[-58.514478,-34.542227]]}},{"type":"Feature","properties":{"id":81798292,"kind":"road","class":"residential","name":"Hipólito Vieytes","oneway":"yes"},"geometry":{"type":"LineString","coordinates":[[-58.51388,-34.545378],[-58.514416,-34.544623]]}},{"type":"Feature","properties":{"id":81798299,"kind":"road","class":"residential","name":"William Case Morris","oneway":"yes"},"geometry":{"type":"LineString","coordinates":[[-58.516879,-34.543379],[-58.515071,-34.545941]]}},{"type":"Feature","properties":{"id":81798302,"kind":"road","class":"residential","name":"Comandante Benjamin Franklin"},"geometry":{"type":"LineString","coordinates":[[-58.515798,-34.546286],[-58.516644,-34.54508]]}},{"type":"Feature","properties":{"id":83145233,"kind":"road","class":"residential","name":"Hipólito Vieytes"},"geometry":{"type":"LineString","coordinates":[[-58.514416,-34.544623],[-58.514702,-34.544175]]}},{"type":"Feature","properties":{"id":83145243,"kind":"road","class":"residential","name":"Santa Rosa"},"geometry":{"type":"LineString","coordinates":[[-58.513839,-34.543148],[-58.514361,-34.5434]]}},{"type":"Feature","properties":{"id":375751574,"kind":"road","class":"residential","name":"General Carlos María de Alvear","oneway":"yes"},"geometry":{"type":"LineString","coordinates":[[-58.514478,-34.542227],[-58.5132,-34.544046],[-58.512757,-34.544753],[-58.512744,-34.544853]]}},{"type":"Feature","properties":{"id":375751577,"kind":"road","class":"residential","name":"Florentino Ameghino","oneway":"yes"},"geometry":{"type":"LineString","coordinates":[[-58.510802,-34.546175],[-58.511467,-34.544247]]}},{"type":"Feature","properties":{"id":375751586,"kind":"road","class":"residential","name":"General Martín Miguel de Güemes","oneway":"yes"},"geometry":{"type":"LineString","coordinates":[[-58.512521,-34.5458],[-58.513971,-34.546583],[-58.51501,-34.546802],[-58.515843,-34.547206]]}},{"type":"Feature","properties":{"id":375751593,"kind":"road","class":"tertiary","name":"General Julio Argentino Roca","oneway":"yes"},"geometry":{"type":"LineString","coordinates":[[-58.512089,-34.541103],[-58.51328,-34.541669]]}},{"type":"Feature","properties":{"id":661072440,"kind":"road","class":"tertiary","name":"Carlos Francisco Melo","oneway":"yes"},"geometry":{"type":"LineString","coordinates":[[-58.515071,-34.545941],[-58.511467,-34.544247]]}},{"type":"Feature","properties":{"id":661072441,"kind":"road","class":"tertiary","name":"General Julio Argentino Roca","oneway":"yes"},"geometry":{"type":"LineString","coordinates":[[-58.514478,-34.542227],[-58.516879,-34.543379]]}},{"type":"Feature","properties":{"id":26513085,"kind":"road","class":"residential","name":"General Martín Miguel de Güemes","oneway":"yes"},"geometry":{"type":"LineString","coordinates":[[-58.509319,-34.544117],[-58.510069,-34.544705],[-58.511651,-34.545447],[-58.512521,-34.5458]]}},{"type":"Feature","properties":{"id":26513089,"kind":"road","class":"residential","name":"General Justo José de Urquiza","oneway":"yes"},"geometry":{"type":"LineString","coordinates":[[-58.520549,-34.543973],[-58.517478,-34.542474],[-58.509092,-34.53849]]}},{"type":"Feature","properties":{"id":26513091,"kind":"road","class":"residential","name":"Talcahuano","oneway":"yes"},"geometry":{"type":"LineString","coordinates":[[-58.516572,-34.546653],[-58.520031,-34.54171]]}},{"type":"Feature","properties":{"id":26547480,"kind":"road","class":"residential","name":"Perú","oneway":"yes"},"geometry":{"type":"LineString","coordinates":[[-58.510336,-34.539064],[-58.510784,-34.538414],[-58.51107,-34.538261]]}},{"type":"Feature","properties":{"id":28306640,"kind":"road","class":"residential","name":"General Carlos María de Alvear","oneway":"yes"},"geometry":{"type":"LineString","coordinates":[[-58.518108,-34.537021],[-58.516633,-34.539085],[-58.514478,-34.542227]]}},{"type":"Feature","properties":{"id":30179555,"kind":"road","class":"residential","name":"Dean Funes","oneway":"yes"},"geometry":{"type":"LineString","coordinates":[[-58.509706,-34.53763],[-58.510242,-34.536885],[-58.512444,-34.533421],[-58.513268,-34.532237]]}},{"type":"Feature","properties":{"id":30179557,"kind":"road","class":"residential","name":"Maquinista Carregal","oneway":"yes"},"geometry":{"type":"LineString","coordinates":[[-58.514542,-34.535224],[-58.514471,-34.5344],[-58.515722,-34.532628]]}},{"type":"Feature","properties":{"id":30179561,"kind":"road","class":"residential","name":"Italia","oneway":"yes"},"geometry":{"type":"LineString","coordinates":[[-58.517069,-34.534887],[-58.511739,-34.532298]]}},{"type":"Feature","properties":{"id":40012631,"kind":"road","class":"residential","name":"Libertad","oneway":"yes"},"geometry":{"type":"LineString","coordinates":[[-58.514588,-34.536165],[-58.509681,-34.533792]]}},{"type":"Feature","properties":{"id":40012632,"kind":"road","class":"residential","name":"Sargento Juan Bautista Cabral","oneway":"yes"},"geometry":{"type":"LineString","coordinates":[[-58.512124,-34.532476],[-58.509333,-34.536428]]}},{"type":"Feature","properties":{"id":40012633,"kind":"road","class":"residential","name":"Arenales","oneway":"yes"},"geometry":{"type":"LineString","coordinates":[[-58.512693,-34.537121],[-58.508901,-34.535272]]}},{"type":"Feature","properties":{"id":40017501,"kind":"road","class":"residential","name":"Comandante Benjamin Franklin","oneway":"yes"},"geometry":{"type":"LineString","coordinates":[[-58.519504,-34.541449],[-58.521515,-34.538833],[-58.521538,-34.538737]]}},{"type":"Feature","properties":{"id":40017735,"kind":"road","class":"residential","name":"Carlos Tejedor","oneway":"yes"},"geometry":{"type":"LineString","coordinates":[[-58.516243,-34.541912],[-58.521057,-34.535255]]}},{"type":"Feature","properties":{"id":40017737,"kind":"road","class":"residential","name":"Francia","oneway":"yes"},"geometry":{"type":"LineString","coordinates":[[-58.516711,-34.535509],[-58.521952,-34.538058]]}},{"type":"Feature","properties":{"id":40017739,"kind":"road","class":"residential","name":"Libertad","oneway":"yes"},"geometry":{"type":"LineString","coordinates":[[-58.520006,-34.538848],[-58.517665,-34.537643],[-58.515848,-34.536759]]}},{"type":"Feature","properties":{"id":40017740,"kind":"road","class":"residential","name":"Coronel Juan Pascual Pringles","oneway":"yes"},"geometry":{"type":"LineString","coordinates":[[-58.51837,-34.538981],[-58.515231,-34.537397]]}},{"type":"Feature","properties":{"id":40020503,"kind":"road","class":"residential","name":"Coronel Juan Pascual Pringles","oneway":"yes"},"geometry":{"type":"LineString","coordinates":[[-58.509293,-34.534568],[-58.510311,-34.535031],[-58.511132,-34.53547],[-58.51365,-34.536639]]}},{"type":"Feature","properties":{"id":46607685,"kind":"road","class":"residential","name":"Sargento Bautista Baigorria"},"geometry":{"type":"LineString","coordinates":[[-58.515898,-34.535924],[-58.519084,-34.534286]]}},{"type":"Feature","properties":{"id":81549814,"kind":"road","class":"residential","name":"Carlos Pellegrini","oneway":"yes"},"geometry":{"type":"LineString","coordinates":[[-58.51383,-34.538634],[-58.512089,-34.541103]]}},{"type":"Feature","properties":{"id":81798290,"kind":"road","class":"residential","name":"Diagonal Pavón","oneway":"no"},"geometry":{"type":"LineString","coordinates":[[-58.516633,-34.539085],[-58.518241,-34.539158],[-58.521104,-34.539372]]}},{"type":"Feature","properties":{"id":81798294,"kind":"road","class":"residential","name":"Gobernador Valentín Vergara","oneway":"yes"},"geometry":{"type":"LineString","coordinates":[[-58.512122,-34.538757],[-58.516886,-34.541038]]}},{"type":"Feature","properties":{"id":81798303,"kind":"road","class":"residential","name":"Matienzo","oneway":"no"},"geometry":{"type":"LineString","coordinates":[[-58.515644,-34.541626],[-58.516745,-34.54008]]}},{"type":"Feature","properties":{"id":81801703,"kind":"road","class":"tertiary","name":"Presidente Hipólito Yrigoyen","oneway":"yes"},"geometry":{"type":"LineString","coordinates":[[-58.515652,-34.535799],[-58.520396,-34.538168]]}},{"type":"Feature","properties":{"id":83145263,"kind":"road","class":"residential","name":"Martín J. Haedo","oneway":"yes"},"geometry":{"type":"LineString","coordinates":[[-58.507244,-34.541214],[-58.518701,-34.546666]]}},{"type":"Feature","properties":{"id":83145265,"kind":"road","class":"residential","name":"Gobernador Valentín Vergara","oneway":"yes"},"geometry":{"type":"LineString","coordinates":[[-58.510858,-34.538152],[-58.509706,-34.53763]]}},{"type":"Feature","properties":{"id":83145274,"kind":"road","class":"residential","name":"Santa Rosa","oneway":"yes"},"geometry":{"type":"LineString","coordinates":[[-58.513839,-34.543148],[-58.507828,-34.540318]]}},{"type":"Feature","properties":{"id":84194560,"kind":"road","class":"tertiary","name":"Presidente Hipólito Yrigoyen","oneway":"yes"},"geometry":{"type":"LineString","coordinates":[[-58.511318,-34.533623],[-58.515487,-34.535717]]}},{"type":"Feature","properties":{"id":84268601,"kind":"road","class":"residential","name":"Ombú","oneway":"yes"},"geometry":{"type":"LineString","coordinates":[[-58.519675,-34.539284],[-58.518492,-34.540947],[-58.516879,-34.543379]]}},{"type":"Feature","properties":{"id":130309969,"kind":"road","class":"residential","name":"Carlos Tejedor","oneway":"yes"},"geometry":{"type":"LineString","coordinates":[[-58.521904,-34.534068],[-58.521057,-34.535255]]}},{"type":"Feature","properties":{"id":130309976,"kind":"road","class":"residential","name":"Leandro Nicéforo Alem","oneway":"yes"},"geometry":{"type":"LineString","coordinates":[[-58.516794,-34.533151],[-58.515111,-34.535527]]}},{"type":"Feature","properties":{"id":130309979,"kind":"road","class":"residential","name":"Sargento Bautista Baigorria"},"geometry":{"type":"LineString","coordinates":[[-58.519084,-34.534286],[-58.519235,-34.534241],[-58.522287,-34.532706]]}},{"type":"Feature","properties":{"id":130309980,"kind":"road","class":"residential","name":"Sargento Bautista Baigorria","oneway":"no"},"geometry":{"type":"LineString","coordinates":[[-58.518615,-34.534041],[-58.518532,-34.534139],[-58.516289,-34.535287]]}},{"type":"Feature","properties":{"id":130309982,"kind":"road","class":"residential","name":"Simón Bolívar","oneway":"yes"},"geometry":{"type":"LineString","coordinates":[[-58.514642,-34.5321],[-58.512974,-34.534446]]}},{"type":"Feature","properties":{"id":375751575,"kind":"road","class":"residential","name":"Carlos Pellegrini","oneway":"yes"},"geometry":{"type":"LineString","coordinates":[[-58.512089,-34.541103],[-58.510316,-34.543691]]}},{"type":"Feature","properties":{"id":375751578,"kind":"road","class":"residential","name":"Florentino Ameghino","oneway":"yes"},"geometry":{"type":"LineString","coordinates":[[-58.51328,-34.541669],[-58.516937,-34.536451]]}},{"type":"Feature","properties":{"id":375751579,"kind":"road","class":"residential","name":"General Juan Gregorio de Las Heras","oneway":"yes"},"geometry":{"type":"LineString","coordinates":[[-58.510802,-34.546175],[-58.509852,-34.545734],[-58.508952,-34.545681],[-58.505673,-34.544226],[-58.504142,-34.543505],[-58.503951,-34.543453]]}},{"type":"Feature","properties":{"id":375751581,"kind":"road","class":"tertiary","name":"General José de San Martín","oneway":"yes"},"geometry":{"type":"LineString","coordinates":[[-58.520844,-34.542114],[-58.51383,-34.538634]]}},{"type":"Feature","properties":{"id":375751588,"kind":"road","class":"residential","name":"Virrey Olaguer y Feliú","oneway":"yes"},"geometry":{"type":"LineString","coordinates":[[-58.522945,-34.534586],[-58.521904,-34.534068]]}},{"type":"Feature","properties":{"id":375751594,"kind":"road","class":"tertiary","name":"General Julio Argentino Roca","oneway":"yes"},"geometry":{"type":"LineString","coordinates":[[-58.516879,-34.543379],[-58.519098,-34.544454]]}},{"type":"Feature","properties":{"id":446878533,"kind":"road","class":"residential","name":"Bolivia","oneway":"yes"},"geometry":{"type":"LineString","coordinates":[[-58.5091,-34.543118],[-58.512622,-34.538038]]}},{"type":"Feature","properties":{"id":462436200,"kind":"road","class":"tertiary","name":"Carlos Francisco Melo","oneway":"yes"},"geometry":{"type":"LineString","coordinates":[[-58.511467,-34.544247],[-58.5091,-34.543118]]}},{"type":"Feature","properties":{"id":602335065,"kind":"road","class":"tertiary","name":"General Julio Argentino Roca","oneway":"yes"},"geometry":{"type":"LineString","coordinates":[[-58.509038,-34.539672],[-58.512089,-34.541103]]}},{"type":"Feature","properties":{"id":605458014,"kind":"road","class":"tertiary","name":"General José de San Martín","oneway":"yes"},"geometry":{"type":"LineString","coordinates":[[-58.511716,-34.537596],[-58.508495,-34.536035]]}},{"type":"Feature","properties":{"id":970704604,"kind":"road","class":"residential","name":"Esmeralda","oneway":"yes"},"geometry":{"type":"LineString","coordinates":[[-58.512598,-34.531909],[-58.517867,-34.534483]]}},{"type":"Feature","properties":{"id":970709604,"kind":"road","class":"residential","name":"Francia","oneway":"yes"},"geometry":{"type":"LineString","coordinates":[[-58.510912,-34.532668],[-58.516289,-34.535287]]}},{"type":"Feature","properties":{"id":40017736,"kind":"road","class":"residential","name":"Antartida Argentina","oneway":"yes"},"geometry":{"type":"LineString","coordinates":[[-58.521538,-34.538737],[-58.521561,-34.538618],[-58.523198,-34.536302]]}},{"type":"Feature","properties":{"id":40020501,"kind":"road","class":"residential","name":"General Carlos María de Alvear","oneway":"yes"},"geometry":{"type":"LineString","coordinates":[[-58.519951,-34.534715],[-58.518289,-34.53711]]}},{"type":"Feature","properties":{"id":40020502,"kind":"road","class":"residential","name":"Florentino Ameghino","oneway":"yes"},"geometry":{"type":"LineString","coordinates":[[-58.517225,-34.536584],[-58.518065,-34.535369]]}},{"type":"Feature","properties":{"id":46607695,"kind":"road","class":"residential","name":"Domingo French","oneway":"yes"},"geometry":{"type":"LineString","coordinates":[[-58.522703,-34.53931],[-58.52173,-34.540695]]}},{"type":"Feature","properties":{"id":46607697,"kind":"road","class":"residential","name":"Arenales","oneway":"yes"},"geometry":{"type":"LineString","coordinates":[[-58.518979,-34.540242],[-58.51784,-34.539707]]}},{"type":"Feature","properties":{"id":81798306,"kind":"road","class":"residential","name":"Coronel Juan Pascual Pringles","oneway":"yes"},"geometry":{"type":"LineString","coordinates":[[-58.520363,-34.540317],[-58.519313,-34.539788]]}},{"type":"Feature","properties":{"id":81801699,"kind":"road","class":"residential","name":"Domingo French","oneway":"yes"},"geometry":{"type":"LineString","coordinates":[[-58.523149,-34.53867],[-58.522703,-34.53931]]}},{"type":"Feature","properties":{"id":84268591,"kind":"road","class":"residential","name":"Ombú","oneway":"yes"},"geometry":{"type":"LineString","coordinates":[[-58.520472,-34.538206],[-58.519675,-34.539284]]}},{"type":"Feature","properties":{"id":84268628,"kind":"road","class":"residential","name":"Francia","oneway":"yes"},"geometry":{"type":"LineString","coordinates":[[-58.521952,-34.538058],[-58.523081,-34.5386],[-58.523149,-34.53867]]}},{"type":"Feature","properties":{"id":130309973,"kind":"road","class":"residential","name":"Gervasio Méndez","oneway":"yes"},"geometry":{"type":"LineString","coordinates":[[-58.522116,-34.535773],[-58.520396,-34.538168]]}},{"type":"Feature","properties":{"id":375751582,"kind":"road","class":"residential","name":"Gervasio Méndez","oneway":"yes"},"geometry":{"type":"LineString","coordinates":[[-58.522945,-34.534586],[-58.522116,-34.535773]]}},{"type":"Feature","properties":{"id":375751592,"kind":"road","class":"tertiary","name":"Presidente Hipólito Yrigoyen","oneway":"yes"},"geometry":{"type":"LineString","coordinates":[[-58.520396,-34.538168],[-58.522703,-34.53931]]}},{"type":"Feature","properties":{"id":40012630,"kind":"road","class":"residential","name":"Perú","oneway":"yes"},"geometry":{"type":"LineString","coordinates":[[-58.513385,-34.53465],[-58.511011,-34.538072],[-58.510858,-34.538152]]}},{"type":"Feature","properties":{"id":40017500,"kind":"road","class":"residential","name":"Arenales"},"geometry":{"type":"LineString","coordinates":[[-58.514355,-34.537928],[-58.514622,-34.538064]]}},{"type":"Feature","properties":{"id":40017738,"kind":"road","class":"residential","name":"Carlos Pellegrini","oneway":"yes"},"geometry":{"type":"LineString","coordinates":[[-58.51637,-34.536169],[-58.514021,-34.538733]]}},{"type":"Feature","properties":{"id":82005208,"kind":"road","class":"residential","name":"Bolivia"},"geometry":{"type":"LineString","coordinates":[[-58.512136,-34.537799],[-58.512962,-34.537387]]}},{"type":"Feature","properties":{"id":82005212,"kind":"road","class":"residential","name":"Jorge Newbery","oneway":"no"},"geometry":{"type":"LineString","coordinates":[[-58.512712,-34.53904],[-58.513222,-34.538341]]}},{"type":"Feature","properties":{"id":84268596,"kind":"road","class":"residential","name":"Sargento Bautista Baigorria","oneway":"yes"},"geometry":{"type":"LineString","coordinates":[[-58.515487,-34.535717],[-58.514588,-34.536165]]}},{"type":"Feature","properties":{"id":84268599,"kind":"road","class":"residential","name":"Bolivia","oneway":"yes"},"geometry":{"type":"LineString","coordinates":[[-58.51365,-34.536639],[-58.513672,-34.536537],[-58.514531,-34.535304],[-58.514542,-34.535224]]}},{"type":"Feature","properties":{"id":84503726,"kind":"road","class":"residential","name":"Libertad"},"geometry":{"type":"LineString","coordinates":[[-58.515848,-34.536759],[-58.515541,-34.536608]]}},{"type":"Feature","properties":{"id":84503739,"kind":"road","class":"residential","name":"Arenales","oneway":"yes"},"geometry":{"type":"LineString","coordinates":[[-58.514622,-34.538064],[-58.516633,-34.539085]]}},{"type":"Feature","properties":{"id":305810276,"kind":"road","class":"residential","name":"Sargento Bautista Baigorria","oneway":"yes"},"geometry":{"type":"LineString","coordinates":[[-58.51365,-34.536639],[-58.512693,-34.537121]]}},{"type":"Feature","properties":{"id":305810277,"kind":"road","class":"residential","name":"Sargento Bautista Baigorria","oneway":"yes"},"geometry":{"type":"LineString","coordinates":[[-58.512693,-34.537121],[-58.511716,-34.537596]]}},{"type":"Feature","properties":{"id":375751580,"kind":"road","class":"tertiary","name":"General José de San Martín","oneway":"yes"},"geometry":{"type":"LineString","coordinates":[[-58.512136,-34.537799],[-58.511716,-34.537596]]}},{"type":"Feature","properties":{"id":446878534,"kind":"road","class":"residential","name":"Gobernador Valentín Vergara","oneway":"yes"},"geometry":{"type":"LineString","coordinates":[[-58.51107,-34.538261],[-58.512122,-34.538757]]}},{"type":"Feature","properties":{"id":605458013,"kind":"road","class":"tertiary","name":"General José de San Martín","oneway":"yes"},"geometry":{"type":"LineString","coordinates":[[-58.51383,-34.538634],[-58.512136,-34.537799]]}},{"type":"Feature","properties":{"id":970649834,"kind":"road","class":"residential","name":"Sargento Bautista Baigorria","oneway":"no"},"geometry":{"type":"LineString","coordinates":[[-58.516289,-34.535287],[-58.515487,-34.535717]]}},{"type":"Feature","properties":{"id":970650763,"kind":"road","class":"tertiary","name":"Presidente Hipólito Yrigoyen","oneway":"yes"},"geometry":{"type":"LineString","coordinates":[[-58.515487,-34.535717],[-58.515652,-34.535799]]}},{"type":"Feature","properties":{"id":970651127,"kind":"road","class":"residential","name":"Sargento Bautista Baigorria","oneway":"yes"},"geometry":{"type":"LineString","coordinates":[[-58.514588,-34.536165],[-58.51365,-34.536639]]}},{"type":"Feature","properties":{"id":1044273848,"kind":"rail","class":"rail"},"geometry":{"type":"LineString","coordinates":[[-58.514751,-34.536312],[-58.514176,-34.536559]]}},{"type":"Feature","properties":{"id":84503741,"kind":"road","class":"tertiary","name":"Carlos María de Calvo","oneway":"no"},"geometry":{"type":"LineString","coordinates":[[-58.531219,-34.529753],[-58.531117,-34.530701]]}},{"type":"Feature","properties":{"id":85913493,"kind":"road","class":"residential","name":"Almafuerte","oneway":"yes"},"geometry":{"type":"LineString","coordinates":[[-58.531117,-34.530701],[-58.53228,-34.530739]]}},{"type":"Feature","properties":{"id":85913539,"kind":"road","class":"residential","name":"Ituzaingó","oneway":"yes"},"geometry":{"type":"LineString","coordinates":[[-58.531341,-34.528635],[-58.534699,-34.528189]]}},{"type":"Feature","properties":{"id":86141597,"kind":"road","class":"tertiary","name":"Carlos María de Calvo","oneway":"no"},"geometry":{"type":"LineString","coordinates":[[-58.53125,-34.529432],[-58.531396,-34.528106]]}},{"type":"Feature","properties":{"id":172820975,"kind":"road","class":"residential","name":"Chiclana","oneway":"yes"},"geometry":{"type":"LineString","coordinates":[[-58.534013,-34.532549],[-58.533308,-34.532487]]}},{"type":"Feature","properties":{"id":172820977,"kind":"road","class":"residential","name":"Lope de Vega","oneway":"yes"},"geometry":{"type":"LineString","coordinates":[[-58.532562,-34.532114],[-58.534051,-34.531918]]}},{"type":"Feature","properties":{"id":172820982,"kind":"road","class":"residential","name":"Presbítero Julián Navarro","oneway":"no"},"geometry":{"type":"LineString","coordinates":[[-58.531188,-34.5301],[-58.534966,-34.529611]]}},{"type":"Feature","properties":{"id":172820984,"kind":"road","class":"residential","name":"Sir Alexander Fleming","oneway":"yes"},"geometry":{"type":"LineString","coordinates":[[-58.532116,-34.533006],[-58.532511,-34.532361],[-58.532562,-34.532114],[-58.53228,-34.530739]]}},{"type":"Feature","properties":{"id":172822135,"kind":"road","class":"tertiary","name":"Carlos María de Calvo","oneway":"no"},"geometry":{"type":"LineString","coordinates":[[-58.530973,-34.532156],[-58.530762,-34.533636]]}},{"type":"Feature","properties":{"id":183932687,"kind":"road","class":"residential","name":"Gervasio Posadas"},"geometry":{"type":"LineString","coordinates":[[-58.530321,-34.5303],[-58.530656,-34.529861]]}},{"type":"Feature","properties":{"id":318899700,"kind":"road","class":"residential","name":"Ascasubi","oneway":"yes"},"geometry":{"type":"LineString","coordinates":[[-58.534532,-34.531174],[-58.53102,-34.531642]]}},{"type":"Feature","properties":{"id":318899713,"kind":"road","class":"residential","name":"Guido Spano","oneway":"yes"},"geometry":{"type":"LineString","coordinates":[[-58.533396,-34.529136],[-58.53125,-34.529432]]}},{"type":"Feature","properties":{"id":318899714,"kind":"road","class":"residential","name":"Guido Spano","oneway":"yes"},"geometry":{"type":"LineString","coordinates":[[-58.534849,-34.528931],[-58.533396,-34.529136]]}},{"type":"Feature","properties":{"id":354333776,"kind":"road","class":"secondary","name":"Avenida Vélez Sarsfield"},"geometry":{"type":"LineString","coordinates":[[-58.531641,-34.533791],[-58.530762,-34.533636]]}},{"type":"Feature","properties":{"id":375751562,"kind":"road","class":"residential","name":"Almafuerte","oneway":"yes"},"geometry":{"type":"LineString","coordinates":[[-58.53228,-34.530739],[-58.533643,-34.530561]]}},{"type":"Feature","properties":{"id":375751573,"kind":"road","class":"tertiary","name":"Carlos María de Calvo","oneway":"no"},"geometry":{"type":"LineString","coordinates":[[-58.53102,-34.531642],[-58.530973,-34.532156]]}},{"type":"Feature","properties":{"id":375751599,"kind":"road","class":"residential","name":"Sir Alexander Fleming","oneway":"yes"},"geometry":{"type":"LineString","coordinates":[[-58.53228,-34.530739],[-58.532131,-34.529977]]}},{"type":"Feature","properties":{"id":606905002,"kind":"road","class":"tertiary","name":"Carlos María de Calvo","oneway":"no"},"geometry":{"type":"LineString","coordinates":[[-58.53125,-34.529432],[-58.531219,-34.529753]]}},{"type":"Feature","properties":{"id":1055874091,"kind":"road","class":"residential","name":"Sir Alexander Fleming","oneway":"yes"},"geometry":{"type":"LineString","coordinates":[[-58.531641,-34.533791],[-58.532116,-34.533006]]}},{"type":"Feature","properties":{"id":1327351261,"kind":"road","class":"tertiary","name":"Carlos María de Calvo","oneway":"no"},"geometry":{"type":"LineString","coordinates":[[-58.531117,-34.530701],[-58.53102,-34.531642]]}},{"type":"Feature","properties":{"id":1329108143,"kind":"road","class":"residential","name":"Almafuerte","oneway":"yes"},"geometry":{"type":"LineString","coordinates":[[-58.530321,-34.5303],[-58.531117,-34.530701]]}},{"type":"Feature","properties":{"id":46607688,"kind":"road","class":"tertiary","name":"Sargento Bautista Baigorria","oneway":"yes"},"geometry":{"type":"LineString","coordinates":[[-58.524169,-34.532029],[-58.525761,-34.531223]]}},{"type":"Feature","properties":{"id":46608160,"kind":"road","class":"residential","name":"Carlos Tejedor","oneway":"yes"},"geometry":{"type":"LineString","coordinates":[[-58.524609,-34.530662],[-58.525187,-34.529869]]}},{"type":"Feature","properties":{"id":48664857,"kind":"road","class":"secondary","name":"Avenida Vélez Sarsfield","oneway":"yes"},"geometry":{"type":"LineString","coordinates":[[-58.524609,-34.530662],[-58.524869,-34.530789]]}},{"type":"Feature","properties":{"id":84268597,"kind":"road","class":"residential","name":"Cornelio Saavedra"},"geometry":{"type":"LineString","coordinates":[[-58.529075,-34.530065],[-58.528719,-34.530553]]}},{"type":"Feature","properties":{"id":85913431,"kind":"road","class":"residential","name":"Antartida Argentina"},"geometry":{"type":"LineString","coordinates":[[-58.527096,-34.530842],[-58.527485,-34.530316]]}},{"type":"Feature","properties":{"id":85913435,"kind":"road","class":"residential","name":"Almafuerte"},"geometry":{"type":"LineString","coordinates":[[-58.527375,-34.528831],[-58.527947,-34.529118]]}},{"type":"Feature","properties":{"id":85913503,"kind":"road","class":"residential","name":"Rubén Darío"},"geometry":{"type":"LineString","coordinates":[[-58.527534,-34.529957],[-58.526818,-34.529623]]}},{"type":"Feature","properties":{"id":85913524,"kind":"road","class":"residential","name":"José Hernández"},"geometry":{"type":"LineString","coordinates":[[-58.526504,-34.530531],[-58.527096,-34.530842]]}},{"type":"Feature","properties":{"id":172817247,"kind":"road","class":"residential","name":"Manuel Belzú","oneway":"yes"},"geometry":{"type":"LineString","coordinates":[[-58.525282,-34.533382],[-58.524195,-34.532846]]}},{"type":"Feature","properties":{"id":172874719,"kind":"road","class":"residential","name":"Rubén Darío"},"geometry":{"type":"LineString","coordinates":[[-58.528486,-34.530859],[-58.52784,-34.53052]]}},{"type":"Feature","properties":{"id":172876986,"kind":"road","class":"residential","name":"Carlos Guido Spano","oneway":"no"},"geometry":{"type":"LineString","coordinates":[[-58.52802,-34.528101],[-58.527943,-34.528062]]}},{"type":"Feature","properties":{"id":255851765,"kind":"road","class":"secondary","name":"Avenida Vélez Sarsfield","oneway":"yes"},"geometry":{"type":"LineString","coordinates":[[-58.525761,-34.531223],[-58.529718,-34.533143]]}},{"type":"Feature","properties":{"id":259249956,"kind":"road","class":"secondary","name":"Avenida Vélez Sarsfield","oneway":"yes"},"geometry":{"type":"LineString","coordinates":[[-58.524869,-34.530789],[-58.525761,-34.531223]]}},{"type":"Feature","properties":{"id":392582578,"kind":"road","class":"residential","name":"José Hernández","oneway":"yes"},"geometry":{"type":"LineString","coordinates":[[-58.525187,-34.529869],[-58.525997,-34.530287],[-58.526151,-34.530313],[-58.526378,-34.530217],[-58.526818,-34.529623]]}},{"type":"Feature","properties":{"id":466224870,"kind":"road","class":"residential","name":"Ingeniero Guillermo Marconi","oneway":"yes"},"geometry":{"type":"LineString","coordinates":[[-58.524169,-34.532029],[-58.524629,-34.532249]]}},{"type":"Feature","properties":{"id":1044273843,"kind":"rail","class":"rail"},"geometry":{"type":"LineString","coordinates":[[-58.528928,-34.529915],[-58.528369,-34.530031]]}},{"type":"Feature","properties":{"id":1330746856,"kind":"road","class":"residential","name":"Gervasio Méndez","oneway":"no"},"geometry":{"type":"LineString","coordinates":[[-58.526818,-34.529623],[-58.528245,-34.527669]]}},{"type":"Feature","properties":{"id":30179556,"kind":"road","class":"residential","name":"Leandro Nicéforo Alem","oneway":"yes"},"geometry":{"type":"LineString","coordinates":[[-58.520707,-34.527623],[-58.520157,-34.528405]]}},{"type":"Feature","properties":{"id":40012636,"kind":"road","class":"residential","name":"Armenia","oneway":"yes"},"geometry":{"type":"LineString","coordinates":[[-58.521426,-34.530683],[-58.524006,-34.527146]]}},{"type":"Feature","properties":{"id":40012638,"kind":"road","class":"residential","name":"Bernardino Rivadavia","oneway":"yes"},"geometry":{"type":"LineString","coordinates":[[-58.522376,-34.527382],[-58.520342,-34.530152],[-58.517848,-34.533666]]}},{"type":"Feature","properties":{"id":46607689,"kind":"road","class":"residential","name":"Sargento Bautista Baigorria","oneway":"yes"},"geometry":{"type":"LineString","coordinates":[[-58.524869,-34.530789],[-58.523245,-34.531603]]}},{"type":"Feature","properties":{"id":46608158,"kind":"road","class":"residential","name":"Albarellos","oneway":"yes"},"geometry":{"type":"LineString","coordinates":[[-58.531396,-34.528106],[-58.529691,-34.527267]]}},{"type":"Feature","properties":{"id":81549856,"kind":"road","class":"residential","name":"José Hernández","oneway":"yes"},"geometry":{"type":"LineString","coordinates":[[-58.519663,-34.52709],[-58.525187,-34.529869]]}},{"type":"Feature","properties":{"id":84268605,"kind":"road","class":"tertiary","name":"Sargento Bautista Baigorria","oneway":"yes"},"geometry":{"type":"LineString","coordinates":[[-58.522719,-34.532925],[-58.522703,-34.532836],[-58.522748,-34.532756],[-58.524169,-34.532029]]}},{"type":"Feature","properties":{"id":85355084,"kind":"road","class":"residential","name":"Almafuerte","oneway":"no"},"geometry":{"type":"LineString","coordinates":[[-58.529743,-34.530002],[-58.530321,-34.5303]]}},{"type":"Feature","properties":{"id":85913442,"kind":"road","class":"residential","name":"Carlos Guido Spano","oneway":"yes"},"geometry":{"type":"LineString","coordinates":[[-58.527943,-34.528062],[-58.526883,-34.52753]]}},{"type":"Feature","properties":{"id":85913586,"kind":"road","class":"residential","name":"Mendoza","oneway":"yes"},"geometry":{"type":"LineString","coordinates":[[-58.533396,-34.529136],[-58.533056,-34.527372]]}},{"type":"Feature","properties":{"id":86134735,"kind":"road","class":"residential","name":"Almafuerte","oneway":"yes"},"geometry":{"type":"LineString","coordinates":[[-58.524006,-34.527146],[-58.527375,-34.528831]]}},{"type":"Feature","properties":{"id":86141596,"kind":"road","class":"residential","name":"General Manuel Belgrano","oneway":"yes"},"geometry":{"type":"LineString","coordinates":[[-58.52506,-34.527673],[-58.523336,-34.530016]]}},{"type":"Feature","properties":{"id":172874716,"kind":"road","class":"residential","name":"Gervasio Posadas","oneway":"yes"},"geometry":{"type":"LineString","coordinates":[[-58.528694,-34.53265],[-58.530321,-34.5303]]}},{"type":"Feature","properties":{"id":172874720,"kind":"road","class":"residential","name":"Rubén Darío","oneway":"yes"},"geometry":{"type":"LineString","coordinates":[[-58.53102,-34.531642],[-58.530927,-34.531637],[-58.528719,-34.530553]]}},{"type":"Feature","properties":{"id":172875820,"kind":"road","class":"tertiary","name":"Carlos María de Calvo","oneway":"no"},"geometry":{"type":"LineString","coordinates":[[-58.531396,-34.528106],[-58.531401,-34.527149]]}},{"type":"Feature","properties":{"id":172876992,"kind":"road","class":"residential","name":"Rubén Darío","oneway":"yes"},"geometry":{"type":"LineString","coordinates":[[-58.526818,-34.529623],[-58.522376,-34.527382]]}},{"type":"Feature","properties":{"id":267777382,"kind":"road","class":"secondary","name":"Avenida Vélez Sarsfield","oneway":"yes"},"geometry":{"type":"LineString","coordinates":[[-58.523336,-34.530016],[-58.524609,-34.530662]]}},{"type":"Feature","properties":{"id":392582579,"kind":"road","class":"residential","name":"Carlos Tejedor","oneway":"yes"},"geometry":{"type":"LineString","coordinates":[[-58.525187,-34.529869],[-58.526883,-34.52753]]}},{"type":"Feature","properties":{"id":674012390,"kind":"rail","class":"rail","ref":"CC"},"geometry":{"type":"LineString","coordinates":[[-58.52108,-34.533141],[-58.522164,-34.53265],[-58.524722,-34.531341],[-58.525555,-34.530828]]}},{"type":"Feature","properties":{"id":982102200,"kind":"road","class":"residential","name":"Concejal Natalio Querido","oneway":"yes"},"geometry":{"type":"LineString","coordinates":[[-58.530228,-34.532353],[-58.529718,-34.533143]]}},{"type":"Feature","properties":{"id":982102201,"kind":"road","class":"secondary","name":"Avenida Vélez Sarsfield","oneway":"yes"},"geometry":{"type":"LineString","coordinates":[[-58.529718,-34.533143],[-58.530762,-34.533636]]}},{"type":"Feature","properties":{"id":40012803,"kind":"road","class":"residential","name":"Pasaje La Victoria","oneway":"yes"},"geometry":{"type":"LineString","coordinates":[[-58.518904,-34.531052],[-58.520658,-34.528657]]}},{"type":"Feature","properties":{"id":40017865,"kind":"road","class":"residential","name":"Virrey Olaguer y Feliú","oneway":"no"},"geometry":{"type":"LineString","coordinates":[[-58.520732,-34.533497],[-58.521904,-34.534068]]}},{"type":"Feature","properties":{"id":48069285,"kind":"road","class":"tertiary","name":"Sargento Bautista Baigorria","oneway":"no"},"geometry":{"type":"LineString","coordinates":[[-58.523245,-34.531603],[-58.521826,-34.532329],[-58.521714,-34.532431]]}},{"type":"Feature","properties":{"id":81549807,"kind":"road","class":"residential","name":"Terragno","oneway":"yes"},"geometry":{"type":"LineString","coordinates":[[-58.517491,-34.527946],[-58.519716,-34.529027]]}},{"type":"Feature","properties":{"id":84268598,"kind":"road","class":"residential","name":"Leandro Nicéforo Alem","oneway":"yes"},"geometry":{"type":"LineString","coordinates":[[-58.520157,-34.528405],[-58.519716,-34.529027]]}},{"type":"Feature","properties":{"id":84268615,"kind":"road","class":"tertiary","name":"Carlos Villate","oneway":"yes"},"geometry":{"type":"LineString","coordinates":[[-58.522287,-34.532706],[-58.521587,-34.532364]]}},{"type":"Feature","properties":{"id":173061920,"kind":"road","class":"residential","name":"Sargento Bautista Baigorria","oneway":"no"},"geometry":{"type":"LineString","coordinates":[[-58.521714,-34.532431],[-58.521595,-34.532531],[-58.520193,-34.533248]]}},{"type":"Feature","properties":{"id":184062535,"kind":"road","class":"residential","name":"General Manuel Belgrano","oneway":"yes"},"geometry":{"type":"LineString","coordinates":[[-58.522483,-34.531208],[-58.521697,-34.532303],[-58.521587,-34.532364]]}},{"type":"Feature","properties":{"id":466224862,"kind":"road","class":"residential","name":"General Manuel Belgrano","oneway":"yes"},"geometry":{"type":"LineString","coordinates":[[-58.523336,-34.530016],[-58.522483,-34.531208]]}},{"type":"Feature","properties":{"id":466224863,"kind":"road","class":"tertiary","name":"Carlos Villate","oneway":"yes"},"geometry":{"type":"LineString","coordinates":[[-58.522719,-34.532925],[-58.522546,-34.532836]]}},{"type":"Feature","properties":{"id":466224864,"kind":"road","class":"residential","name":"Ingeniero Guillermo Marconi","oneway":"yes"},"geometry":{"type":"LineString","coordinates":[[-58.522483,-34.531208],[-58.521426,-34.530683]]}},{"type":"Feature","properties":{"id":466224866,"kind":"road","class":"residential","name":"Armenia","oneway":"yes"},"geometry":{"type":"LineString","coordinates":[[-58.519728,-34.533022],[-58.520567,-34.531877]]}},{"type":"Feature","properties":{"id":466224867,"kind":"road","class":"tertiary","name":"Carlos Villate","oneway":"yes"},"geometry":{"type":"LineString","coordinates":[[-58.521587,-34.532364],[-58.520567,-34.531877]]}},{"type":"Feature","properties":{"id":466224868,"kind":"road","class":"residential","name":"Carlos Tejedor","oneway":"yes"},"geometry":{"type":"LineString","coordinates":[[-58.522719,-34.532925],[-58.521904,-34.534068]]}},{"type":"Feature","properties":{"id":466224871,"kind":"road","class":"residential","name":"Ingeniero Guillermo Marconi","oneway":"no"},"geometry":{"type":"LineString","coordinates":[[-58.523245,-34.531603],[-58.522483,-34.531208]]}},{"type":"Feature","properties":{"id":466224872,"kind":"road","class":"secondary","name":"Avenida Vélez Sarsfield","oneway":"yes"},"geometry":{"type":"LineString","coordinates":[[-58.52229,-34.52948],[-58.52306,-34.52988]]}},{"type":"Feature","properties":{"id":466224873,"kind":"road","class":"residential","name":"Armenia","oneway":"yes"},"geometry":{"type":"LineString","coordinates":[[-58.520567,-34.531877],[-58.521426,-34.530683]]}},{"type":"Feature","properties":{"id":640316279,"kind":"road","class":"residential","name":"Maquinista Carregal","oneway":"yes"},"geometry":{"type":"LineString","coordinates":[[-58.517374,-34.530293],[-58.518659,-34.528496]]}},{"type":"Feature","properties":{"id":674012396,"kind":"rail","class":"rail"},"geometry":{"type":"LineString","coordinates":[[-58.521764,-34.532748],[-58.521366,-34.5329]]}},{"type":"Feature","properties":{"id":674012398,"kind":"road","class":"tertiary","name":"Tunel Munro","oneway":"yes"},"geometry":{"type":"LineString","coordinates":[[-58.522972,-34.532257],[-58.523043,-34.532403],[-58.523007,-34.53248],[-58.522646,-34.532666]]}},{"type":"Feature","properties":{"id":674012399,"kind":"road","class":"tertiary","name":"Tunel Munro","oneway":"yes"},"geometry":{"type":"LineString","coordinates":[[-58.522842,-34.532083],[-58.522972,-34.532257]]}},{"type":"Feature","properties":{"id":674012400,"kind":"road","class":"tertiary","name":"Tunel Munro","oneway":"yes"},"geometry":{"type":"LineString","coordinates":[[-58.523232,-34.531777],[-58.52289,-34.53195],[-58.522837,-34.532015],[-58.522842,-34.532083]]}},{"type":"Feature","properties":{"id":766365877,"kind":"road","class":"tertiary","name":"Carlos Villate","oneway":"yes"},"geometry":{"type":"LineString","coordinates":[[-58.522546,-34.532836],[-58.522287,-34.532706]]}},{"type":"Feature","properties":{"id":951877174,"kind":"road","class":"tertiary","name":"Tunel Munro","oneway":"yes"},"geometry":{"type":"LineString","coordinates":[[-58.522546,-34.532836],[-58.52251,-34.532724],[-58.522601,-34.532636]]}},{"type":"Feature","properties":{"id":951877176,"kind":"road","class":"tertiary","name":"Tunel Munro","oneway":"yes"},"geometry":{"type":"LineString","coordinates":[[-58.522793,-34.532113],[-58.522756,-34.532025],[-58.522777,-34.531963],[-58.523176,-34.531755]]}},{"type":"Feature","properties":{"id":951877177,"kind":"road","class":"tertiary","name":"Tunel Munro","oneway":"yes"},"geometry":{"type":"LineString","coordinates":[[-58.522916,-34.532289],[-58.522793,-34.532113]]}},{"type":"Feature","properties":{"id":951877178,"kind":"road","class":"tertiary","name":"Tunel Munro","oneway":"yes"},"geometry":{"type":"LineString","coordinates":[[-58.523176,-34.531755],[-58.523242,-34.531685],[-58.523245,-34.531603]]}},{"type":"Feature","properties":{"id":951877179,"kind":"road","class":"tertiary","name":"Tunel Munro","oneway":"yes"},"geometry":{"type":"LineString","coordinates":[[-58.522601,-34.532636],[-58.522943,-34.532454],[-58.522964,-34.532384],[-58.522916,-34.532289]]}},{"type":"Feature","properties":{"id":951877180,"kind":"road","class":"tertiary","name":"Tunel Munro","oneway":"yes"},"geometry":{"type":"LineString","coordinates":[[-58.523245,-34.531603],[-58.523282,-34.531675],[-58.523232,-34.531777]]}},{"type":"Feature","properties":{"id":951877181,"kind":"road","class":"tertiary","name":"Tunel Munro","oneway":"yes"},"geometry":{"type":"LineString","coordinates":[[-58.522646,-34.532666],[-58.522599,-34.532714],[-58.52262,-34.532764],[-58.522748,-34.532756]]}},{"type":"Feature","properties":{"id":960929377,"kind":"road","class":"secondary","name":"Avenida Vélez Sarsfield","oneway":"yes"},"geometry":{"type":"LineString","coordinates":[[-58.52306,-34.52988],[-58.523336,-34.530016]]}},{"type":"Feature","properties":{"id":970649730,"kind":"road","class":"residential","name":"Sargento Bautista Baigorria","oneway":"no"},"geometry":{"type":"LineString","coordinates":[[-58.520193,-34.533248],[-58.518615,-34.534041]]}},{"type":"Feature","properties":{"id":1222067680,"kind":"road","class":"residential","name":"Virrey Olaguer y Feliú"},"geometry":{"type":"LineString","coordinates":[[-58.519728,-34.533022],[-58.520193,-34.533248]]}},{"type":"Feature","properties":{"id":30179558,"kind":"road","class":"residential","name":"Simón Bolívar","oneway":"yes"},"geometry":{"type":"LineString","coordinates":[[-58.515486,-34.530955],[-58.514642,-34.5321]]}},{"type":"Feature","properties":{"id":40012807,"kind":"road","class":"residential","name":"Sargento Juan Bautista Cabral","oneway":"yes"},"geometry":{"type":"LineString","coordinates":[[-58.512818,-34.531211],[-58.514483,-34.528913]]}},{"type":"Feature","properties":{"id":86134721,"kind":"road","class":"residential","name":"Virrey Olaguer y Feliú","oneway":"yes"},"geometry":{"type":"LineString","coordinates":[[-58.514777,-34.530625],[-58.514824,-34.530647]]}},{"type":"Feature","properties":{"id":86134724,"kind":"road","class":"secondary","name":"Avenida Bartolomé Mitre","oneway":"yes"},"geometry":{"type":"LineString","coordinates":[[-58.515381,-34.53016],[-58.516081,-34.529679]]}},{"type":"Feature","properties":{"id":86134737,"kind":"road","class":"secondary","name":"Avenida Bartolomé Mitre"},"geometry":{"type":"LineString","coordinates":[[-58.513354,-34.531568],[-58.512598,-34.531909]]}},{"type":"Feature","properties":{"id":466529190,"kind":"road","class":"secondary","name":"Avenida Bartolomé Mitre","oneway":"yes"},"geometry":{"type":"LineString","coordinates":[[-58.516081,-34.529679],[-58.516524,-34.529113]]}},{"type":"Feature","properties":{"id":466529197,"kind":"road","class":"residential","name":"Manuel Belzú","oneway":"yes"},"geometry":{"type":"LineString","coordinates":[[-58.516685,-34.52889],[-58.514526,-34.527802]]}},{"type":"Feature","properties":{"id":950258677,"kind":"road","class":"secondary","name":"Avenida Bartolomé Mitre","oneway":"yes"},"geometry":{"type":"LineString","coordinates":[[-58.516149,-34.529714],[-58.515458,-34.5302]]}},{"type":"Feature","properties":{"id":950258679,"kind":"road","class":"tertiary","name":"Carlos Villate","oneway":"no"},"geometry":{"type":"LineString","coordinates":[[-58.516081,-34.529679],[-58.516149,-34.529714]]}},{"type":"Feature","properties":{"id":954761967,"kind":"road","class":"secondary","name":"Avenida Bartolomé Mitre","oneway":"yes"},"geometry":{"type":"LineString","coordinates":[[-58.517048,-34.528539],[-58.51659,-34.529145]]}},{"type":"Feature","properties":{"id":954761968,"kind":"road","class":"residential","name":"Ingeniero Guillermo Marconi","oneway":"yes"},"geometry":{"type":"LineString","coordinates":[[-58.517048,-34.528539],[-58.516984,-34.528508]]}},{"type":"Feature","properties":{"id":957693843,"kind":"road","class":"secondary","name":"Avenida Bartolomé Mitre"},"geometry":{"type":"LineString","coordinates":[[-58.511739,-34.532298],[-58.510912,-34.532668]]}},{"type":"Feature","properties":{"id":958723520,"kind":"road","class":"residential","name":"Manuel Belzú","oneway":"yes"},"geometry":{"type":"LineString","coordinates":[[-58.51659,-34.529145],[-58.516524,-34.529113]]}},{"type":"Feature","properties":{"id":958723521,"kind":"road","class":"secondary","name":"Avenida Bartolomé Mitre","oneway":"yes"},"geometry":{"type":"LineString","coordinates":[[-58.51659,-34.529145],[-58.516149,-34.529714]]}},{"type":"Feature","properties":{"id":958723522,"kind":"road","class":"secondary","name":"Avenida Bartolomé Mitre","oneway":"yes"},"geometry":{"type":"LineString","coordinates":[[-58.516524,-34.529113],[-58.516685,-34.52889]]}},{"type":"Feature","properties":{"id":958723523,"kind":"road","class":"secondary","name":"Avenida Bartolomé Mitre","oneway":"yes"},"geometry":{"type":"LineString","coordinates":[[-58.516685,-34.52889],[-58.516984,-34.528508]]}},{"type":"Feature","properties":{"id":970704605,"kind":"road","class":"secondary","name":"Avenida Bartolomé Mitre"},"geometry":{"type":"LineString","coordinates":[[-58.512598,-34.531909],[-58.511739,-34.532298]]}},{"type":"Feature","properties":{"id":1089675662,"kind":"road","class":"secondary","name":"Avenida Bartolomé Mitre","oneway":"yes"},"geometry":{"type":"LineString","coordinates":[[-58.513375,-34.531518],[-58.514741,-34.530607]]}},{"type":"Feature","properties":{"id":1089675663,"kind":"road","class":"secondary","name":"Avenida Bartolomé Mitre","oneway":"yes"},"geometry":{"type":"LineString","coordinates":[[-58.514883,-34.5306],[-58.514824,-34.530647]]}},{"type":"Feature","properties":{"id":1089676734,"kind":"road","class":"tertiary","name":"Antonio Malaver","oneway":"yes"},"geometry":{"type":"LineString","coordinates":[[-58.513466,-34.531563],[-58.513415,-34.53154]]}},{"type":"Feature","properties":{"id":1089676735,"kind":"road","class":"secondary","name":"Avenida Bartolomé Mitre","oneway":"yes"},"geometry":{"type":"LineString","coordinates":[[-58.513466,-34.531563],[-58.513354,-34.531568]]}},{"type":"Feature","properties":{"id":1089676736,"kind":"road","class":"residential","name":"Virrey Olaguer y Feliú","oneway":"yes"},"geometry":{"type":"LineString","coordinates":[[-58.514741,-34.530607],[-58.514777,-34.530625]]}},{"type":"Feature","properties":{"id":1089676737,"kind":"road","class":"secondary","name":"Avenida Bartolomé Mitre","oneway":"yes"},"geometry":{"type":"LineString","coordinates":[[-58.514741,-34.530607],[-58.514812,-34.53056]]}},{"type":"Feature","properties":{"id":1089676739,"kind":"road","class":"secondary","name":"Avenida Bartolomé Mitre","oneway":"yes"},"geometry":{"type":"LineString","coordinates":[[-58.514824,-34.530647],[-58.513466,-34.531563]]}},{"type":"Feature","properties":{"id":1291939209,"kind":"road","class":"tertiary","name":"Antonio Malaver","oneway":"yes"},"geometry":{"type":"LineString","coordinates":[[-58.513415,-34.53154],[-58.513375,-34.531518]]}},{"type":"Feature","properties":{"id":1291939210,"kind":"road","class":"secondary","name":"Avenida Bartolomé Mitre","oneway":"yes"},"geometry":{"type":"LineString","coordinates":[[-58.513354,-34.531568],[-58.513375,-34.531518]]}},{"type":"Feature","properties":{"id":1291939229,"kind":"road","class":"residential","name":"Rastreador Fournier","oneway":"yes"},"geometry":{"type":"LineString","coordinates":[[-58.515458,-34.5302],[-58.515381,-34.53016]]}},{"type":"Feature","properties":{"id":1291939230,"kind":"road","class":"secondary","name":"Avenida Bartolomé Mitre","oneway":"yes"},"geometry":{"type":"LineString","coordinates":[[-58.514812,-34.53056],[-58.515381,-34.53016]]}},{"type":"Feature","properties":{"id":1292038747,"kind":"road","class":"secondary","name":"Avenida Bartolomé Mitre","oneway":"yes"},"geometry":{"type":"LineString","coordinates":[[-58.515458,-34.5302],[-58.514883,-34.5306]]}},{"type":"Feature","properties":{"id":12563741,"kind":"road","class":"residential","name":"Manuel Belzú","oneway":"yes"},"geometry":{"type":"LineString","coordinates":[[-58.514343,-34.528045],[-58.512301,-34.52703]]}},{"type":"Feature","properties":{"id":30179559,"kind":"road","class":"residential","name":"Antonio Malaver","oneway":"yes"},"geometry":{"type":"LineString","coordinates":[[-58.518615,-34.534041],[-58.514642,-34.5321],[-58.513466,-34.531563]]}},{"type":"Feature","properties":{"id":30179560,"kind":"road","class":"residential","name":"Esmeralda","oneway":"yes"},"geometry":{"type":"LineString","coordinates":[[-58.507418,-34.529381],[-58.512598,-34.531909]]}},{"type":"Feature","properties":{"id":30179562,"kind":"road","class":"residential","name":"Francia","oneway":"yes"},"geometry":{"type":"LineString","coordinates":[[-58.506573,-34.530565],[-58.510912,-34.532668]]}},{"type":"Feature","properties":{"id":32948676,"kind":"road","class":"residential","name":"Virrey Olaguer y Feliú","oneway":"yes"},"geometry":{"type":"LineString","coordinates":[[-58.508689,-34.527631],[-58.514741,-34.530607]]}},{"type":"Feature","properties":{"id":32949173,"kind":"road","class":"residential","name":"Estanislao del Campo","oneway":"yes"},"geometry":{"type":"LineString","coordinates":[[-58.510711,-34.527052],[-58.50903,-34.529373]]}},{"type":"Feature","properties":{"id":40012808,"kind":"road","class":"residential","name":"Rastreador Fournier","oneway":"yes"},"geometry":{"type":"LineString","coordinates":[[-58.515381,-34.53016],[-58.514079,-34.529467],[-58.509119,-34.527025]]}},{"type":"Feature","properties":{"id":40012809,"kind":"road","class":"residential","name":"Buenos Aires","oneway":"yes"},"geometry":{"type":"LineString","coordinates":[[-58.512131,-34.530132],[-58.508299,-34.528198]]}},{"type":"Feature","properties":{"id":40012811,"kind":"road","class":"residential","name":"Julián Segundo de Agüero","oneway":"yes"},"geometry":{"type":"LineString","coordinates":[[-58.510453,-34.532448],[-58.511737,-34.530686]]}},{"type":"Feature","properties":{"id":60941282,"kind":"road","class":"tertiary","name":"Antonio Malaver","oneway":"yes"},"geometry":{"type":"LineString","coordinates":[[-58.513375,-34.531518],[-58.512818,-34.531211],[-58.507632,-34.528691]]}},{"type":"Feature","properties":{"id":76947791,"kind":"road","class":"residential","name":"Fernán Félix de Amador","oneway":"yes"},"geometry":{"type":"LineString","coordinates":[[-58.515086,-34.527062],[-58.517228,-34.528176]]}},{"type":"Feature","properties":{"id":82805236,"kind":"road","class":"tertiary","name":"Esteban Echeverría","oneway":"yes"},"geometry":{"type":"LineString","coordinates":[[-58.509119,-34.527025],[-58.508299,-34.528198]]}},{"type":"Feature","properties":{"id":84194544,"kind":"road","class":"tertiary","name":"Presidente Hipólito Yrigoyen","oneway":"yes"},"geometry":{"type":"LineString","coordinates":[[-58.510082,-34.533031],[-58.511318,-34.533623]]}},{"type":"Feature","properties":{"id":84194550,"kind":"road","class":"residential","name":"Intendente Coronel Amaro Ávalos","oneway":"yes"},"geometry":{"type":"LineString","coordinates":[[-58.515086,-34.527062],[-58.51397,-34.528545],[-58.512254,-34.530937]]}},{"type":"Feature","properties":{"id":84268594,"kind":"road","class":"secondary","name":"Avenida Vélez Sarsfield","oneway":"yes"},"geometry":{"type":"LineString","coordinates":[[-58.517991,-34.527314],[-58.52229,-34.52948]]}},{"type":"Feature","properties":{"id":84268612,"kind":"road","class":"residential","name":"Leandro Nicéforo Alem","oneway":"yes"},"geometry":{"type":"LineString","coordinates":[[-58.519716,-34.529027],[-58.517578,-34.531974],[-58.516794,-34.533151]]}},{"type":"Feature","properties":{"id":130309967,"kind":"road","class":"residential","name":"Bernardo de Irigoyen","oneway":"yes"},"geometry":{"type":"LineString","coordinates":[[-58.510233,-34.529954],[-58.512301,-34.52703]]}},{"type":"Feature","properties":{"id":130309975,"kind":"road","class":"residential","name":"Julián Segundo de Agüero","oneway":"yes"},"geometry":{"type":"LineString","coordinates":[[-58.511737,-34.530686],[-58.514254,-34.527152]]}},{"type":"Feature","properties":{"id":130309977,"kind":"road","class":"residential","name":"Maquinista Carregal","oneway":"yes"},"geometry":{"type":"LineString","coordinates":[[-58.518659,-34.528496],[-58.519075,-34.527868],[-58.519663,-34.52709]]}},{"type":"Feature","properties":{"id":172814969,"kind":"road","class":"secondary","name":"Avenida Bartolomé Mitre","oneway":"yes"},"geometry":{"type":"LineString","coordinates":[[-58.517491,-34.527946],[-58.517048,-34.528539]]}},{"type":"Feature","properties":{"id":172817244,"kind":"road","class":"residential","name":"Ingeniero Guillermo Marconi","oneway":"yes"},"geometry":{"type":"LineString","coordinates":[[-58.521426,-34.530683],[-58.517048,-34.528539]]}},{"type":"Feature","properties":{"id":172817248,"kind":"road","class":"residential","name":"Manuel Belzú","oneway":"yes"},"geometry":{"type":"LineString","coordinates":[[-58.518842,-34.530233],[-58.51659,-34.529145]]}},{"type":"Feature","properties":{"id":173061917,"kind":"road","class":"tertiary","name":"Carlos Villate","oneway":"yes"},"geometry":{"type":"LineString","coordinates":[[-58.520567,-34.531877],[-58.516149,-34.529714]]}},{"type":"Feature","properties":{"id":289833527,"kind":"road","class":"residential","name":"Sargento Juan Bautista Cabral","oneway":"yes"},"geometry":{"type":"LineString","coordinates":[[-58.514983,-34.52916],[-58.516145,-34.52762]]}},{"type":"Feature","properties":{"id":370267927,"kind":"road","class":"tertiary","name":"Carlos Villate","oneway":"yes"},"geometry":{"type":"LineString","coordinates":[[-58.510711,-34.527052],[-58.516081,-34.529679]]}},{"type":"Feature","properties":{"id":466529192,"kind":"road","class":"secondary","name":"Avenida Bartolomé Mitre","oneway":"yes"},"geometry":{"type":"LineString","coordinates":[[-58.516984,-34.528508],[-58.517429,-34.527915]]}},{"type":"Feature","properties":{"id":640316278,"kind":"road","class":"residential","name":"Maquinista Carregal","oneway":"yes"},"geometry":{"type":"LineString","coordinates":[[-58.515722,-34.532628],[-58.517374,-34.530293]]}},{"type":"Feature","properties":{"id":957693842,"kind":"road","class":"residential","name":"Italia","oneway":"yes"},"geometry":{"type":"LineString","coordinates":[[-58.511739,-34.532298],[-58.506995,-34.529975]]}},{"type":"Feature","properties":{"id":970709605,"kind":"road","class":"secondary","name":"Avenida Bartolomé Mitre"},"geometry":{"type":"LineString","coordinates":[[-58.510912,-34.532668],[-58.510082,-34.533031]]}},{"type":"Feature","properties":{"id":1089676738,"kind":"road","class":"residential","name":"Virrey Olaguer y Feliú","oneway":"yes"},"geometry":{"type":"LineString","coordinates":[[-58.514824,-34.530647],[-58.519728,-34.533022]]}},{"type":"Feature","properties":{"id":298463831,"kind":"road","class":"motorway","name":"Avenida General Paz","ref":"RNA001","oneway":"yes"},"geometry":{"type":"LineString","coordinates":[[-58.50285,-34.555441],[-58.503788,-34.557429]]}},{"type":"Feature","properties":{"id":1114933083,"kind":"road","class":"tertiary","name":"Avenida General Paz","oneway":"yes"},"geometry":{"type":"LineString","coordinates":[[-58.503417,-34.557844],[-58.501298,-34.553271]]}},{"type":"Feature","properties":{"id":38509243,"kind":"road","class":"secondary","name":"Avenida Triunvirato","oneway":"yes"},"geometry":{"type":"LineString","coordinates":[[-58.496409,-34.556221],[-58.49673,-34.556445],[-58.496815,-34.556555],[-58.496871,-34.556796],[-58.496828,-34.557012],[-58.496431,-34.557573]]}},{"type":"Feature","properties":{"id":26547472,"kind":"road","class":"residential","name":"Pintor Alfredo Gramajo Gutiérrez","oneway":"no"},"geometry":{"type":"LineString","coordinates":[[-58.503479,-34.555897],[-58.503708,-34.555599]]}},{"type":"Feature","properties":{"id":28534020,"kind":"road","class":"motorway_link","oneway":"yes"},"geometry":{"type":"LineString","coordinates":[[-58.50285,-34.555441],[-58.503574,-34.556479]]}},{"type":"Feature","properties":{"id":55602123,"kind":"road","class":"residential","name":"Alberto Córdoba","oneway":"no"},"geometry":{"type":"LineString","coordinates":[[-58.503232,-34.555374],[-58.503708,-34.555599]]}},{"type":"Feature","properties":{"id":82692940,"kind":"road","class":"residential","name":"Intendente Cipriano Lima","oneway":"no"},"geometry":{"type":"LineString","coordinates":[[-58.503235,-34.554612],[-58.502761,-34.554384]]}},{"type":"Feature","properties":{"id":82692978,"kind":"road","class":"residential","name":"Richieri"},"geometry":{"type":"LineString","coordinates":[[-58.503235,-34.554612],[-58.503022,-34.554924]]}},{"type":"Feature","properties":{"id":405237624,"kind":"road","class":"motorway","name":"Avenida General Paz","ref":"RNA001","oneway":"yes"},"geometry":{"type":"LineString","coordinates":[[-58.502331,-34.554328],[-58.502704,-34.555129]]}},{"type":"Feature","properties":{"id":405237625,"kind":"road","class":"motorway","name":"Avenida General Paz","ref":"RNA001","oneway":"yes"},"geometry":{"type":"LineString","coordinates":[[-58.502704,-34.555129],[-58.50285,-34.555441]]}},{"type":"Feature","properties":{"id":486275801,"kind":"road","class":"motorway","name":"Avenida General Paz","ref":"RNA001","oneway":"yes"},"geometry":{"type":"LineString","coordinates":[[-58.503614,-34.557427],[-58.50243,-34.554904]]}},{"type":"Feature","properties":{"id":23651412,"kind":"road","class":"motorway","name":"Avenida General Paz","ref":"RNA001","oneway":"yes"},"geometry":{"type":"LineString","coordinates":[[-58.497112,-34.548384],[-58.498393,-34.548975],[-58.499221,-34.549481],[-58.500043,-34.550191],[-58.500551,-34.550803]]}},{"type":"Feature","properties":{"id":26513080,"kind":"road","class":"secondary","name":"Francisco Narciso de Laprida","oneway":"no"},"geometry":{"type":"LineString","coordinates":[[-58.503424,-34.547624],[-58.503994,-34.547858]]}},{"type":"Feature","properties":{"id":26513110,"kind":"road","class":"residential","name":"Mejico","oneway":"yes"},"geometry":{"type":"LineString","coordinates":[[-58.495619,-34.546121],[-58.500244,-34.548274]]}},{"type":"Feature","properties":{"id":26513114,"kind":"road","class":"residential","name":"Julian Agüero","oneway":"yes"},"geometry":{"type":"LineString","coordinates":[[-58.498382,-34.548466],[-58.499388,-34.546977]]}},{"type":"Feature","properties":{"id":26513115,"kind":"road","class":"residential","name":"Bernardo de Irigoyen","oneway":"yes"},"geometry":{"type":"LineString","coordinates":[[-58.49859,-34.546619],[-58.497564,-34.548087]]}},{"type":"Feature","properties":{"id":26547479,"kind":"road","class":"residential","name":"Bolivia","oneway":"yes"},"geometry":{"type":"LineString","coordinates":[[-58.508138,-34.544604],[-58.50787,-34.545202],[-58.505603,-34.548593]]}},{"type":"Feature","properties":{"id":26547483,"kind":"road","class":"residential","name":"Chile","oneway":"yes"},"geometry":{"type":"LineString","coordinates":[[-58.506031,-34.543654],[-58.503424,-34.547624]]}},{"type":"Feature","properties":{"id":26547494,"kind":"road","class":"residential","name":"Guillermo Manso","oneway":"yes"},"geometry":{"type":"LineString","coordinates":[[-58.50407,-34.557177],[-58.507174,-34.552596]]}},{"type":"Feature","properties":{"id":28534021,"kind":"road","class":"motorway_link","oneway":"yes"},"geometry":{"type":"LineString","coordinates":[[-58.50243,-34.554904],[-58.502229,-34.554662],[-58.501298,-34.553271]]}},{"type":"Feature","properties":{"id":47307602,"kind":"road","class":"residential","name":"Deheza","oneway":"yes"},"geometry":{"type":"LineString","coordinates":[[-58.496119,-34.551626],[-58.498069,-34.552648]]}},{"type":"Feature","properties":{"id":47307606,"kind":"road","class":"residential","name":"Miller","oneway":"yes"},"geometry":{"type":"LineString","coordinates":[[-58.497212,-34.55009],[-58.497802,-34.549208]]}},{"type":"Feature","properties":{"id":47307607,"kind":"road","class":"residential","name":"Vedia","oneway":"yes"},"geometry":{"type":"LineString","coordinates":[[-58.497212,-34.55009],[-58.498141,-34.550554]]}},{"type":"Feature","properties":{"id":47308103,"kind":"road","class":"residential","name":"Pico","oneway":"yes"},"geometry":{"type":"LineString","coordinates":[[-58.497582,-34.551347],[-58.495735,-34.550378]]}},{"type":"Feature","properties":{"id":55602121,"kind":"road","class":"residential","name":"Intendente José E. Rubio","oneway":"yes"},"geometry":{"type":"LineString","coordinates":[[-58.506296,-34.553867],[-58.5043,-34.552947],[-58.503717,-34.5524]]}},{"type":"Feature","properties":{"id":55602122,"kind":"road","class":"residential","name":"Intendente Cipriano Lima","oneway":"yes"},"geometry":{"type":"LineString","coordinates":[[-58.505171,-34.555522],[-58.503235,-34.554612]]}},{"type":"Feature","properties":{"id":55602124,"kind":"road","class":"residential","name":"Doctor Juan Carlos Ricchieri","oneway":"yes"},"geometry":{"type":"LineString","coordinates":[[-58.503235,-34.554612],[-58.50521,-34.551675]]}},{"type":"Feature","properties":{"id":71867167,"kind":"road","class":"residential","name":"Uruguay","oneway":"yes"},"geometry":{"type":"LineString","coordinates":[[-58.510316,-34.543691],[-58.510069,-34.544705],[-58.509637,-34.546806],[-58.50837,-34.548651],[-58.507777,-34.549591]]}},{"type":"Feature","properties":{"id":71867168,"kind":"road","class":"residential","name":"Intendente Atilio Deprati","oneway":"yes"},"geometry":{"type":"LineString","coordinates":[[-58.50243,-34.55117],[-58.506776,-34.553182]]}},{"type":"Feature","properties":{"id":81801754,"kind":"road","class":"residential","name":"Perú","oneway":"yes"},"geometry":{"type":"LineString","coordinates":[[-58.502873,-34.550576],[-58.504514,-34.548097]]}},{"type":"Feature","properties":{"id":82692932,"kind":"road","class":"tertiary","name":"Juan Bautista de La Salle","oneway":"yes"},"geometry":{"type":"LineString","coordinates":[[-58.501221,-34.550627],[-58.501882,-34.551931],[-58.502098,-34.552903],[-58.504022,-34.557065]]}},{"type":"Feature","properties":{"id":82692936,"kind":"road","class":"residential","name":"Intendente Tomás M. Saubidet","oneway":"yes"},"geometry":{"type":"LineString","coordinates":[[-58.50243,-34.55117],[-58.503148,-34.552754],[-58.503721,-34.553872],[-58.505688,-34.554773]]}},{"type":"Feature","properties":{"id":82692942,"kind":"road","class":"residential","name":"Alberto Córdoba","oneway":"yes"},"geometry":{"type":"LineString","coordinates":[[-58.503708,-34.555599],[-58.504775,-34.556107]]}},{"type":"Feature","properties":{"id":82692944,"kind":"road","class":"residential","name":"Pintor Alfredo Gramajo Gutiérrez","oneway":"yes"},"geometry":{"type":"LineString","coordinates":[[-58.506102,-34.552098],[-58.503708,-34.555599]]}},{"type":"Feature","properties":{"id":82692977,"kind":"road","class":"residential","name":"Arias","oneway":"yes"},"geometry":{"type":"LineString","coordinates":[[-58.497459,-34.553397],[-58.495572,-34.552422]]}},{"type":"Feature","properties":{"id":83145240,"kind":"road","class":"residential","name":"Paso de la Patria","oneway":"yes"},"geometry":{"type":"LineString","coordinates":[[-58.509053,-34.546576],[-58.507835,-34.548405]]}},{"type":"Feature","properties":{"id":83145247,"kind":"road","class":"residential","name":"Grecia","oneway":"yes"},"geometry":{"type":"LineString","coordinates":[[-58.504113,-34.547683],[-58.505837,-34.545142]]}},{"type":"Feature","properties":{"id":258989178,"kind":"road","class":"residential","name":"Valdenegro","oneway":"yes"},"geometry":{"type":"LineString","coordinates":[[-58.497582,-34.551347],[-58.495402,-34.554479]]}},{"type":"Feature","properties":{"id":288856258,"kind":"road","class":"motorway","name":"Avenida General Paz","oneway":"yes"},"geometry":{"type":"LineString","coordinates":[[-58.498341,-34.549291],[-58.497782,-34.548965],[-58.496947,-34.54855]]}},{"type":"Feature","properties":{"id":288856943,"kind":"road","class":"motorway","name":"Avenida General Paz","ref":"RNA001","oneway":"yes"},"geometry":{"type":"LineString","coordinates":[[-58.500129,-34.550517],[-58.499938,-34.550249],[-58.499716,-34.550035],[-58.499104,-34.549537],[-58.498306,-34.549051],[-58.497379,-34.548622]]}},{"type":"Feature","properties":{"id":290774522,"kind":"road","class":"motorway_link","oneway":"yes"},"geometry":{"type":"LineString","coordinates":[[-58.498833,-34.549453],[-58.497379,-34.548622]]}},{"type":"Feature","properties":{"id":298729193,"kind":"road","class":"tertiary","name":"Juan Zufriategui","oneway":"no"},"geometry":{"type":"LineString","coordinates":[[-58.495687,-34.547177],[-58.497564,-34.548087]]}},{"type":"Feature","properties":{"id":303130487,"kind":"road","class":"motorway","name":"Avenida General Paz","ref":"RNA001","oneway":"yes"},"geometry":{"type":"LineString","coordinates":[[-58.50243,-34.554904],[-58.500805,-34.551495],[-58.500545,-34.551049],[-58.500129,-34.550517]]}},{"type":"Feature","properties":{"id":303412730,"kind":"road","class":"motorway_link","oneway":"yes"},"geometry":{"type":"LineString","coordinates":[[-58.497191,-34.548223],[-58.497942,-34.548579]]}},{"type":"Feature","properties":{"id":307250071,"kind":"road","class":"secondary","name":"Avenida Doctor Ricardo Balbín","oneway":"yes"},"geometry":{"type":"LineString","coordinates":[[-58.497887,-34.553495],[-58.49651,-34.555174]]}},{"type":"Feature","properties":{"id":307525973,"kind":"road","class":"residential","name":"Juan Zufriategui","oneway":"yes"},"geometry":{"type":"LineString","coordinates":[[-58.507174,-34.552596],[-58.501041,-34.549711]]}},{"type":"Feature","properties":{"id":308167168,"kind":"road","class":"residential","name":"Estados Unidos","oneway":"yes"},"geometry":{"type":"LineString","coordinates":[[-58.501253,-34.54875],[-58.502335,-34.547124]]}},{"type":"Feature","properties":{"id":317526836,"kind":"road","class":"motorway","name":"Avenida General Paz","ref":"RNA001","oneway":"yes"},"geometry":{"type":"LineString","coordinates":[[-58.502017,-34.55368],[-58.502331,-34.554328]]}},{"type":"Feature","properties":{"id":319962326,"kind":"road","class":"residential","name":"Intendente Doctor Emilio Zorraquin","oneway":"yes"},"geometry":{"type":"LineString","coordinates":[[-58.503148,-34.552754],[-58.505023,-34.551588]]}},{"type":"Feature","properties":{"id":383385799,"kind":"road","class":"residential","name":"Avenida General Paz","oneway":"yes"},"geometry":{"type":"LineString","coordinates":[[-58.498689,-34.549769],[-58.498223,-34.549386],[-58.496845,-34.548787]]}},{"type":"Feature","properties":{"id":417441955,"kind":"road","class":"secondary_link","oneway":"yes"},"geometry":{"type":"LineString","coordinates":[[-58.497373,-34.553495],[-58.4976,-34.553539],[-58.497719,-34.553707]]}},{"type":"Feature","properties":{"id":466711193,"kind":"road","class":"residential","name":"Humaitá","oneway":"yes"},"geometry":{"type":"LineString","coordinates":[[-58.506181,-34.548854],[-58.506842,-34.547954],[-58.508064,-34.546154]]}},{"type":"Feature","properties":{"id":468461713,"kind":"road","class":"residential","name":"Venezuela","oneway":"yes"},"geometry":{"type":"LineString","coordinates":[[-58.508314,-34.550876],[-58.500225,-34.547207],[-58.500036,-34.547196]]}},{"type":"Feature","properties":{"id":571155559,"kind":"road","class":"motorway_link","oneway":"yes"},"geometry":{"type":"LineString","coordinates":[[-58.503574,-34.556479],[-58.504022,-34.557065]]}},{"type":"Feature","properties":{"id":1018979839,"kind":"road","class":"secondary","name":"Francisco Narciso de Laprida","oneway":"no"},"geometry":{"type":"LineString","coordinates":[[-58.502335,-34.547124],[-58.502849,-34.547362]]}},{"type":"Feature","properties":{"id":1265418112,"kind":"road","class":"secondary","name":"Avenida Doctor Ricardo Balbín","oneway":"yes"},"geometry":{"type":"LineString","coordinates":[[-58.496201,-34.554912],[-58.497459,-34.553397]]}},{"type":"Feature","properties":{"id":1265418115,"kind":"road","class":"secondary","name":"Avenida Bartolomé Mitre","oneway":"no"},"geometry":{"type":"LineString","coordinates":[[-58.500036,-34.547196],[-58.500114,-34.547794],[-58.500244,-34.548274]]}},{"type":"Feature","properties":{"id":1285055525,"kind":"road","class":"residential","name":"Colombia","oneway":"yes"},"geometry":{"type":"LineString","coordinates":[[-58.501118,-34.546829],[-58.500329,-34.548031],[-58.500244,-34.548274]]}},{"type":"Feature","properties":{"id":1285055528,"kind":"road","class":"residential","name":"Perú","oneway":"yes"},"geometry":{"type":"LineString","coordinates":[[-58.504623,-34.547928],[-58.505756,-34.54631],[-58.50679,-34.544722],[-58.507054,-34.543997]]}},{"type":"Feature","properties":{"id":1285055530,"kind":"road","class":"residential","name":"Bolivia","oneway":"yes"},"geometry":{"type":"LineString","coordinates":[[-58.505504,-34.548736],[-58.503947,-34.551086]]}},{"type":"Feature","properties":{"id":1285055533,"kind":"road","class":"residential","name":"Paraguay","oneway":"yes"},"geometry":{"type":"LineString","coordinates":[[-58.506692,-34.549092],[-58.507927,-34.547308],[-58.508952,-34.545681],[-58.509341,-34.544326],[-58.5091,-34.543118]]}},{"type":"Feature","properties":{"id":71867164,"kind":"road","class":"residential","name":"Brasil","oneway":"yes"},"geometry":{"type":"LineString","coordinates":[[-58.507174,-34.552596],[-58.508788,-34.550171],[-58.508773,-34.550045]]}},{"type":"Feature","properties":{"id":71867166,"kind":"road","class":"residential","name":"Paraguay","oneway":"yes"},"geometry":{"type":"LineString","coordinates":[[-58.505023,-34.551588],[-58.506692,-34.549092]]}},{"type":"Feature","properties":{"id":466711192,"kind":"road","class":"secondary","name":"Francisco Narciso de Laprida","oneway":"no"},"geometry":{"type":"LineString","coordinates":[[-58.506181,-34.548854],[-58.506692,-34.549092]]}},{"type":"Feature","properties":{"id":640337078,"kind":"road","class":"residential","name":"Florencio Varela","oneway":"yes"},"geometry":{"type":"LineString","coordinates":[[-58.509403,-34.551383],[-58.508254,-34.553091]]}},{"type":"Feature","properties":{"id":1285055527,"kind":"road","class":"secondary","name":"Francisco Narciso de Laprida","oneway":"no"},"geometry":{"type":"LineString","coordinates":[[-58.503994,-34.547858],[-58.504514,-34.548097]]}},{"type":"Feature","properties":{"id":1285055529,"kind":"road","class":"secondary","name":"Francisco Narciso de Laprida","oneway":"no"},"geometry":{"type":"LineString","coordinates":[[-58.504514,-34.548097],[-58.50511,-34.548371]]}},{"type":"Feature","properties":{"id":1285055531,"kind":"road","class":"secondary","name":"Francisco Narciso de Laprida","oneway":"no"},"geometry":{"type":"LineString","coordinates":[[-58.505603,-34.548593],[-58.506181,-34.548854]]}},{"type":"Feature","properties":{"id":1285055532,"kind":"road","class":"secondary","name":"Francisco Narciso de Laprida","oneway":"no"},"geometry":{"type":"LineString","coordinates":[[-58.506692,-34.549092],[-58.507777,-34.549591]]}},{"type":"Feature","properties":{"id":1285055534,"kind":"road","class":"residential","name":"Uruguay","oneway":"yes"},"geometry":{"type":"LineString","coordinates":[[-58.507777,-34.549591],[-58.506102,-34.552098]]}},{"type":"Feature","properties":{"id":1285055535,"kind":"road","class":"secondary","name":"Francisco Narciso de Laprida","oneway":"no"},"geometry":{"type":"LineString","coordinates":[[-58.507777,-34.549591],[-58.508773,-34.550045]]}},{"type":"Feature","properties":{"id":1329661638,"kind":"road","class":"residential","name":"Perú","oneway":"yes"},"geometry":{"type":"LineString","coordinates":[[-58.504514,-34.548097],[-58.504623,-34.547928]]}},{"type":"Feature","properties":{"id":1329661639,"kind":"road","class":"residential","name":"Grecia","oneway":"yes"},"geometry":{"type":"LineString","coordinates":[[-58.503994,-34.547858],[-58.504113,-34.547683]]}},{"type":"Feature","properties":{"id":1329662949,"kind":"road","class":"residential","name":"Bolivia","oneway":"yes"},"geometry":{"type":"LineString","coordinates":[[-58.505603,-34.548593],[-58.505504,-34.548736]]}},{"type":"Feature","properties":{"id":1329662950,"kind":"road","class":"secondary","name":"Francisco Narciso de Laprida","oneway":"no"},"geometry":{"type":"LineString","coordinates":[[-58.50511,-34.548371],[-58.505603,-34.548593]]}},{"type":"Feature","properties":{"id":1455393473,"kind":"road","class":"residential","name":"Florencio Varela","oneway":"yes"},"geometry":{"type":"LineString","coordinates":[[-58.509954,-34.550569],[-58.509403,-34.551383]]}},{"type":"Feature","properties":{"id":22567466,"kind":"road","class":"secondary","name":"Avenida Doctor Ricardo Balbín","oneway":"yes"},"geometry":{"type":"LineString","coordinates":[[-58.499769,-34.550889],[-58.499055,-34.552035]]}},{"type":"Feature","properties":{"id":22567467,"kind":"road","class":"secondary_link","oneway":"yes"},"geometry":{"type":"LineString","coordinates":[[-58.498618,-34.551994],[-58.498826,-34.552032],[-58.498961,-34.552167]]}},{"type":"Feature","properties":{"id":22567469,"kind":"road","class":"residential","name":"Arias","oneway":"yes"},"geometry":{"type":"LineString","coordinates":[[-58.497887,-34.553495],[-58.49771,-34.553511],[-58.497459,-34.553397]]}},{"type":"Feature","properties":{"id":22569141,"kind":"road","class":"residential","name":"Salto","oneway":"yes"},"geometry":{"type":"LineString","coordinates":[[-58.499572,-34.550666],[-58.498457,-34.550119]]}},{"type":"Feature","properties":{"id":25899256,"kind":"road","class":"secondary_link","oneway":"yes"},"geometry":{"type":"LineString","coordinates":[[-58.500641,-34.552028],[-58.500273,-34.551789],[-58.49997,-34.551719],[-58.499604,-34.551777],[-58.499229,-34.551986],[-58.499055,-34.552035]]}},{"type":"Feature","properties":{"id":25899258,"kind":"road","class":"secondary","name":"Avenida Doctor Ricardo Balbín","oneway":"yes"},"geometry":{"type":"LineString","coordinates":[[-58.500073,-34.550602],[-58.499769,-34.550889]]}},{"type":"Feature","properties":{"id":25899259,"kind":"road","class":"secondary","name":"Avenida Doctor Ricardo Balbín","oneway":"yes"},"geometry":{"type":"LineString","coordinates":[[-58.500379,-34.550327],[-58.500073,-34.550602]]}},{"type":"Feature","properties":{"id":26513117,"kind":"road","class":"residential","name":"Colombia","oneway":"yes"},"geometry":{"type":"LineString","coordinates":[[-58.499167,-34.548839],[-58.499709,-34.548041]]}},{"type":"Feature","properties":{"id":26513143,"kind":"road","class":"tertiary","name":"Juan Bautista de La Salle","oneway":"yes"},"geometry":{"type":"LineString","coordinates":[[-58.500777,-34.549772],[-58.501221,-34.550627]]}},{"type":"Feature","properties":{"id":26547484,"kind":"road","class":"secondary_link","oneway":"yes"},"geometry":{"type":"LineString","coordinates":[[-58.500681,-34.549447],[-58.500833,-34.549392]]}},{"type":"Feature","properties":{"id":26547488,"kind":"road","class":"residential","name":"Intendente Doctor Emilio Zorraquin","oneway":"yes"},"geometry":{"type":"LineString","coordinates":[[-58.502269,-34.553288],[-58.503148,-34.552754]]}},{"type":"Feature","properties":{"id":26547493,"kind":"road","class":"residential","name":"Mejico","oneway":"yes"},"geometry":{"type":"LineString","coordinates":[[-58.500244,-34.548274],[-58.501253,-34.54875]]}},{"type":"Feature","properties":{"id":28534023,"kind":"road","class":"motorway_link","oneway":"yes"},"geometry":{"type":"LineString","coordinates":[[-58.501221,-34.550627],[-58.501329,-34.550984],[-58.501591,-34.552325],[-58.502017,-34.55368]]}},{"type":"Feature","properties":{"id":47308102,"kind":"road","class":"residential","name":"Valdenegro","oneway":"yes"},"geometry":{"type":"LineString","coordinates":[[-58.498457,-34.550119],[-58.497582,-34.551347]]}},{"type":"Feature","properties":{"id":47308106,"kind":"road","class":"secondary","name":"Avenida Doctor Ricardo Balbín","oneway":"yes"},"geometry":{"type":"LineString","coordinates":[[-58.499294,-34.551153],[-58.499653,-34.550758]]}},{"type":"Feature","properties":{"id":48069267,"kind":"road","class":"residential","name":"Avenida General Paz","oneway":"yes"},"geometry":{"type":"LineString","coordinates":[[-58.499572,-34.550666],[-58.499158,-34.55013]]}},{"type":"Feature","properties":{"id":48069268,"kind":"road","class":"tertiary","name":"Avenida General Paz","oneway":"yes"},"geometry":{"type":"LineString","coordinates":[[-58.499769,-34.550889],[-58.499653,-34.550758]]}},{"type":"Feature","properties":{"id":55602118,"kind":"road","class":"residential","name":"Intendente Atilio Deprati","oneway":"yes"},"geometry":{"type":"LineString","coordinates":[[-58.501597,-34.550342],[-58.50243,-34.55117]]}},{"type":"Feature","properties":{"id":71867163,"kind":"road","class":"residential","name":"José Fioravanti","oneway":"yes"},"geometry":{"type":"LineString","coordinates":[[-58.50179,-34.550072],[-58.501597,-34.550342],[-58.501154,-34.550502]]}},{"type":"Feature","properties":{"id":71867165,"kind":"road","class":"residential","name":"Falucho"},"geometry":{"type":"LineString","coordinates":[[-58.501634,-34.551434],[-58.50243,-34.55117]]}},{"type":"Feature","properties":{"id":71867169,"kind":"road","class":"residential","name":"Intendente Jacinto Pineda","oneway":"yes"},"geometry":{"type":"LineString","coordinates":[[-58.503947,-34.551086],[-58.503542,-34.55166],[-58.50287,-34.552142]]}},{"type":"Feature","properties":{"id":81207013,"kind":"road","class":"motorway_link","oneway":"yes"},"geometry":{"type":"LineString","coordinates":[[-58.50041,-34.550117],[-58.500416,-34.54971],[-58.50032,-34.549551],[-58.500168,-34.549438],[-58.499921,-34.549377],[-58.499739,-34.549454],[-58.499691,-34.549577],[-58.499775,-34.54976]]}},{"type":"Feature","properties":{"id":81207021,"kind":"road","class":"secondary","name":"Avenida Doctor Ricardo Balbín","oneway":"yes"},"geometry":{"type":"LineString","coordinates":[[-58.499986,-34.550501],[-58.500284,-34.550241]]}},{"type":"Feature","properties":{"id":81207022,"kind":"road","class":"secondary","name":"Avenida Doctor Ricardo Balbín","oneway":"yes"},"geometry":{"type":"LineString","coordinates":[[-58.499653,-34.550758],[-58.499986,-34.550501]]}},{"type":"Feature","properties":{"id":81207025,"kind":"road","class":"secondary","name":"Avenida Bartolomé Mitre","oneway":"yes"},"geometry":{"type":"LineString","coordinates":[[-58.500379,-34.548734],[-58.500642,-34.549329]]}},{"type":"Feature","properties":{"id":81207027,"kind":"road","class":"secondary","name":"Avenida Doctor Ricardo Balbín","oneway":"yes"},"geometry":{"type":"LineString","coordinates":[[-58.500777,-34.549772],[-58.500585,-34.55012],[-58.500379,-34.550327]]}},{"type":"Feature","properties":{"id":81231645,"kind":"road","class":"secondary_link","oneway":"yes"},"geometry":{"type":"LineString","coordinates":[[-58.501041,-34.549711],[-58.500885,-34.549708]]}},{"type":"Feature","properties":{"id":81244709,"kind":"road","class":"secondary","name":"Juan Bautista de La Salle","oneway":"yes"},"geometry":{"type":"LineString","coordinates":[[-58.500531,-34.54947],[-58.500639,-34.549609]]}},{"type":"Feature","properties":{"id":82692948,"kind":"road","class":"secondary","name":"Avenida Doctor Ricardo Balbín","oneway":"yes"},"geometry":{"type":"LineString","coordinates":[[-58.500284,-34.550241],[-58.500498,-34.550021],[-58.500573,-34.549828]]}},{"type":"Feature","properties":{"id":82692955,"kind":"road","class":"residential","name":"Intendente Jacinto Pineda","oneway":"no"},"geometry":{"type":"LineString","coordinates":[[-58.502174,-34.552365],[-58.501958,-34.55226]]}},{"type":"Feature","properties":{"id":82692963,"kind":"road","class":"secondary_link","oneway":"yes"},"geometry":{"type":"LineString","coordinates":[[-58.500531,-34.54947],[-58.500681,-34.549447]]}},{"type":"Feature","properties":{"id":82692969,"kind":"road","class":"tertiary","name":"Juan Zufriategui","oneway":"no"},"geometry":{"type":"LineString","coordinates":[[-58.497564,-34.548087],[-58.499167,-34.548839]]}},{"type":"Feature","properties":{"id":82692972,"kind":"road","class":"residential","name":"Pico","oneway":"yes"},"geometry":{"type":"LineString","coordinates":[[-58.49858,-34.551853],[-58.497582,-34.551347]]}},{"type":"Feature","properties":{"id":82692990,"kind":"road","class":"secondary","name":"Juan Bautista de La Salle","oneway":"yes"},"geometry":{"type":"LineString","coordinates":[[-58.500681,-34.549447],[-58.500777,-34.549772]]}},{"type":"Feature","properties":{"id":82692993,"kind":"road","class":"secondary","name":"Avenida Bartolomé Mitre","oneway":"yes"},"geometry":{"type":"LineString","coordinates":[[-58.500503,-34.549345],[-58.500379,-34.548734]]}},{"type":"Feature","properties":{"id":82692996,"kind":"road","class":"residential","name":"Intendente Jacinto Pineda","oneway":"no"},"geometry":{"type":"LineString","coordinates":[[-58.502174,-34.552365],[-58.50203,-34.552673]]}},{"type":"Feature","properties":{"id":258989179,"kind":"road","class":"residential","name":"Vedia","oneway":"yes"},"geometry":{"type":"LineString","coordinates":[[-58.498141,-34.550554],[-58.499133,-34.551072]]}},{"type":"Feature","properties":{"id":259238790,"kind":"road","class":"motorway_link","oneway":"yes"},"geometry":{"type":"LineString","coordinates":[[-58.499572,-34.550666],[-58.499423,-34.550344],[-58.49925,-34.550108],[-58.498341,-34.549291]]}},{"type":"Feature","properties":{"id":268206173,"kind":"road","class":"motorway","name":"Avenida General Paz","oneway":"yes"},"geometry":{"type":"LineString","coordinates":[[-58.500129,-34.550517],[-58.499478,-34.549994],[-58.498341,-34.549291]]}},{"type":"Feature","properties":{"id":290774520,"kind":"road","class":"motorway_link","oneway":"yes"},"geometry":{"type":"LineString","coordinates":[[-58.49942,-34.549483],[-58.499775,-34.54976]]}},{"type":"Feature","properties":{"id":290778744,"kind":"road","class":"motorway_link","oneway":"yes"},"geometry":{"type":"LineString","coordinates":[[-58.499572,-34.550666],[-58.499578,-34.550374]]}},{"type":"Feature","properties":{"id":291271632,"kind":"road","class":"tertiary","name":"Juan Zufriategui","oneway":"yes"},"geometry":{"type":"LineString","coordinates":[[-58.50001,-34.549263],[-58.500531,-34.54947]]}},{"type":"Feature","properties":{"id":298463823,"kind":"road","class":"motorway_link","oneway":"yes"},"geometry":{"type":"LineString","coordinates":[[-58.499775,-34.54976],[-58.500178,-34.55022],[-58.500551,-34.550803]]}},{"type":"Feature","properties":{"id":298463824,"kind":"road","class":"motorway_link","oneway":"yes"},"geometry":{"type":"LineString","coordinates":[[-58.499578,-34.550374],[-58.499515,-34.550131],[-58.499392,-34.549913],[-58.499221,-34.54973],[-58.498833,-34.549453]]}},{"type":"Feature","properties":{"id":298463827,"kind":"road","class":"tertiary","name":"Avenida General Paz","oneway":"yes"},"geometry":{"type":"LineString","coordinates":[[-58.500194,-34.551403],[-58.499769,-34.550889]]}},{"type":"Feature","properties":{"id":298463829,"kind":"road","class":"tertiary","name":"Avenida General Paz","oneway":"yes"},"geometry":{"type":"LineString","coordinates":[[-58.501298,-34.553271],[-58.500819,-34.552298],[-58.500641,-34.552028]]}},{"type":"Feature","properties":{"id":298463832,"kind":"road","class":"motorway","name":"Avenida General Paz","ref":"RNA001","oneway":"yes"},"geometry":{"type":"LineString","coordinates":[[-58.500551,-34.550803],[-58.501047,-34.551637],[-58.502017,-34.55368]]}},{"type":"Feature","properties":{"id":298729191,"kind":"road","class":"tertiary","name":"Juan Zufriategui","oneway":"yes"},"geometry":{"type":"LineString","coordinates":[[-58.499167,-34.548839],[-58.50001,-34.549263]]}},{"type":"Feature","properties":{"id":298729195,"kind":"road","class":"motorway_link","oneway":"yes"},"geometry":{"type":"LineString","coordinates":[[-58.497942,-34.548579],[-58.50001,-34.549263]]}},{"type":"Feature","properties":{"id":304609871,"kind":"road","class":"residential","name":"Juan Zufriategui","oneway":"yes"},"geometry":{"type":"LineString","coordinates":[[-58.501041,-34.549711],[-58.500782,-34.549548],[-58.500774,-34.549479],[-58.500833,-34.549392]]}},{"type":"Feature","properties":{"id":308167150,"kind":"road","class":"secondary","name":"Avenida Doctor Ricardo Balbín","oneway":"yes"},"geometry":{"type":"LineString","coordinates":[[-58.498757,-34.551814],[-58.499294,-34.551153]]}},{"type":"Feature","properties":{"id":312340731,"kind":"road","class":"secondary_link","oneway":"yes"},"geometry":{"type":"LineString","coordinates":[[-58.500573,-34.549828],[-58.500639,-34.549609]]}},{"type":"Feature","properties":{"id":312340732,"kind":"road","class":"secondary_link","oneway":"yes"},"geometry":{"type":"LineString","coordinates":[[-58.500639,-34.549609],[-58.500681,-34.549447]]}},{"type":"Feature","properties":{"id":312340733,"kind":"road","class":"secondary","name":"Avenida Doctor Ricardo Balbín","oneway":"yes"},"geometry":{"type":"LineString","coordinates":[[-58.500573,-34.549828],[-58.500531,-34.54947]]}},{"type":"Feature","properties":{"id":312340734,"kind":"road","class":"secondary","name":"Juan Bautista de La Salle","oneway":"yes"},"geometry":{"type":"LineString","coordinates":[[-58.500639,-34.549609],[-58.500777,-34.549772]]}},{"type":"Feature","properties":{"id":319962327,"kind":"road","class":"residential","name":"Intendente Jacinto Pineda","oneway":"no"},"geometry":{"type":"LineString","coordinates":[[-58.50287,-34.552142],[-58.502174,-34.552365]]}},{"type":"Feature","properties":{"id":320034339,"kind":"road","class":"residential","name":"Falucho","oneway":"yes"},"geometry":{"type":"LineString","coordinates":[[-58.50243,-34.55117],[-58.502873,-34.550576]]}},{"type":"Feature","properties":{"id":392685273,"kind":"road","class":"secondary","name":"Avenida Doctor Ricardo Balbín","oneway":"yes"},"geometry":{"type":"LineString","coordinates":[[-58.498961,-34.552167],[-58.497887,-34.553495]]}},{"type":"Feature","properties":{"id":392685274,"kind":"road","class":"secondary_link","oneway":"yes"},"geometry":{"type":"LineString","coordinates":[[-58.499055,-34.552035],[-58.498692,-34.551896]]}},{"type":"Feature","properties":{"id":483593873,"kind":"road","class":"tertiary","name":"Avenida General Paz","oneway":"yes"},"geometry":{"type":"LineString","coordinates":[[-58.499653,-34.550758],[-58.499572,-34.550666]]}},{"type":"Feature","properties":{"id":579102979,"kind":"road","class":"motorway_link","oneway":"yes"},"geometry":{"type":"LineString","coordinates":[[-58.497942,-34.548579],[-58.498934,-34.549134]]}},{"type":"Feature","properties":{"id":620209426,"kind":"road","class":"residential","name":"Vedia","oneway":"yes"},"geometry":{"type":"LineString","coordinates":[[-58.499133,-34.551072],[-58.499294,-34.551153]]}},{"type":"Feature","properties":{"id":1018979837,"kind":"road","class":"residential","name":"Chile","oneway":"yes"},"geometry":{"type":"LineString","coordinates":[[-58.502891,-34.54842],[-58.50179,-34.550072]]}},{"type":"Feature","properties":{"id":1018979838,"kind":"road","class":"residential","name":"Chile","oneway":"yes"},"geometry":{"type":"LineString","coordinates":[[-58.503424,-34.547624],[-58.503298,-34.547804]]}},{"type":"Feature","properties":{"id":1265418109,"kind":"road","class":"secondary","name":"Avenida Doctor Ricardo Balbín","oneway":"yes"},"geometry":{"type":"LineString","coordinates":[[-58.498069,-34.552648],[-58.498602,-34.552011]]}},{"type":"Feature","properties":{"id":1265418110,"kind":"road","class":"secondary","name":"Avenida Doctor Ricardo Balbín","oneway":"yes"},"geometry":{"type":"LineString","coordinates":[[-58.497459,-34.553397],[-58.498069,-34.552648]]}},{"type":"Feature","properties":{"id":1265418113,"kind":"road","class":"residential","name":"Estados Unidos","oneway":"yes"},"geometry":{"type":"LineString","coordinates":[[-58.500833,-34.549392],[-58.501253,-34.54875]]}},{"type":"Feature","properties":{"id":1265418114,"kind":"road","class":"secondary","name":"Avenida Bartolomé Mitre","oneway":"no"},"geometry":{"type":"LineString","coordinates":[[-58.500244,-34.548274],[-58.500379,-34.548734]]}},{"type":"Feature","properties":{"id":1298634714,"kind":"road","class":"secondary","name":"Avenida Doctor Ricardo Balbín","oneway":"yes"},"geometry":{"type":"LineString","coordinates":[[-58.499055,-34.552035],[-58.498961,-34.552167]]}},{"type":"Feature","properties":{"id":1300370517,"kind":"road","class":"secondary_link","oneway":"yes"},"geometry":{"type":"LineString","coordinates":[[-58.500885,-34.549708],[-58.500777,-34.549772]]}},{"type":"Feature","properties":{"id":1300370518,"kind":"road","class":"secondary","name":"Avenida Bartolomé Mitre","oneway":"yes"},"geometry":{"type":"LineString","coordinates":[[-58.500642,-34.549329],[-58.500681,-34.549447]]}},{"type":"Feature","properties":{"id":1300370519,"kind":"road","class":"secondary","name":"Avenida Bartolomé Mitre","oneway":"yes"},"geometry":{"type":"LineString","coordinates":[[-58.500531,-34.54947],[-58.500503,-34.549345]]}},{"type":"Feature","properties":{"id":1300370557,"kind":"road","class":"secondary","name":"Avenida Doctor Ricardo Balbín","oneway":"yes"},"geometry":{"type":"LineString","coordinates":[[-58.498602,-34.552011],[-58.498692,-34.551896]]}},{"type":"Feature","properties":{"id":1300370558,"kind":"road","class":"secondary","name":"Avenida Doctor Ricardo Balbín","oneway":"yes"},"geometry":{"type":"LineString","coordinates":[[-58.498692,-34.551896],[-58.498757,-34.551814]]}},{"type":"Feature","properties":{"id":1300370559,"kind":"road","class":"residential","name":"Pico","oneway":"yes"},"geometry":{"type":"LineString","coordinates":[[-58.498692,-34.551896],[-58.49858,-34.551853]]}},{"type":"Feature","properties":{"id":1329661635,"kind":"road","class":"residential","name":"Chile","oneway":"yes"},"geometry":{"type":"LineString","coordinates":[[-58.503298,-34.547804],[-58.502891,-34.54842]]}},{"type":"Feature","properties":{"id":1329661640,"kind":"road","class":"secondary","name":"Francisco Narciso de Laprida","oneway":"no"},"geometry":{"type":"LineString","coordinates":[[-58.502849,-34.547362],[-58.503424,-34.547624]]}},{"type":"Feature","properties":{"id":1329662948,"kind":"road","class":"residential","name":"Valdenegro","oneway":"no"},"geometry":{"type":"LineString","coordinates":[[-58.498689,-34.549769],[-58.498457,-34.550119]]}},{"type":"Feature","properties":{"id":1336809179,"kind":"road","class":"motorway_link","oneway":"yes"},"geometry":{"type":"LineString","coordinates":[[-58.499067,-34.549223],[-58.49942,-34.549483]]}},{"type":"Feature","properties":{"id":1336809180,"kind":"road","class":"motorway_link","oneway":"yes"},"geometry":{"type":"LineString","coordinates":[[-58.498934,-34.549134],[-58.499067,-34.549223]]}},{"type":"Feature","properties":{"id":1422652083,"kind":"road","class":"tertiary","name":"Avenida General Paz","oneway":"yes"},"geometry":{"type":"LineString","coordinates":[[-58.500641,-34.552028],[-58.500194,-34.551403]]}},{"type":"Feature","properties":{"id":1502926737,"kind":"road","class":"residential","name":"Avenida General Paz","oneway":"yes"},"geometry":{"type":"LineString","coordinates":[[-58.499158,-34.55013],[-58.498689,-34.549769]]}},{"type":"Feature","properties":{"id":10435994,"kind":"road","class":"secondary","name":"Avenida Triunvirato","oneway":"yes"},"geometry":{"type":"LineString","coordinates":[[-58.49651,-34.555174],[-58.496278,-34.555756],[-58.496283,-34.55599],[-58.496409,-34.556221]]}},{"type":"Feature","properties":{"id":82692941,"kind":"road","class":"secondary","name":"Avenida Triunvirato","oneway":"yes"},"geometry":{"type":"LineString","coordinates":[[-58.495945,-34.555696],[-58.496139,-34.556064],[-58.496409,-34.556221]]}},{"type":"Feature","properties":{"id":82692962,"kind":"road","class":"secondary","name":"Avenida Doctor Ricardo Balbín","oneway":"yes"},"geometry":{"type":"LineString","coordinates":[[-58.49651,-34.555174],[-58.496115,-34.555589],[-58.495945,-34.555696]]}},{"type":"Feature","properties":{"id":1265418111,"kind":"road","class":"secondary","name":"Avenida Doctor Ricardo Balbín","oneway":"yes"},"geometry":{"type":"LineString","coordinates":[[-58.495694,-34.555313],[-58.495906,-34.55522],[-58.496201,-34.554912]]}},{"type":"Feature","properties":{"id":1329146613,"kind":"road","class":"residential","name":"Correa","oneway":"yes"},"geometry":{"type":"LineString","coordinates":[[-58.496582,-34.555089],[-58.496201,-34.554912]]}},{"type":"Feature","properties":{"id":26513111,"kind":"road","class":"residential","name":"Estanislao del Campo","oneway":"yes"},"geometry":{"type":"LineString","coordinates":[[-58.497302,-34.546048],[-58.496321,-34.547472]]}},{"type":"Feature","properties":{"id":47307603,"kind":"road","class":"residential","name":"Ramallo","oneway":"yes"},"geometry":{"type":"LineString","coordinates":[[-58.495019,-34.553209],[-58.49682,-34.554156]]}},{"type":"Feature","properties":{"id":82692950,"kind":"road","class":"residential","name":"Correa","oneway":"yes"},"geometry":{"type":"LineString","coordinates":[[-58.496201,-34.554912],[-58.495402,-34.554479]]}},{"type":"Feature","properties":{"id":269328945,"kind":"road","class":"motorway_link","oneway":"yes"},"geometry":{"type":"LineString","coordinates":[[-58.495113,-34.546785],[-58.495238,-34.547015],[-58.49544,-34.547235],[-58.497003,-34.548071],[-58.497191,-34.548223]]}},{"type":"Feature","properties":{"id":303412719,"kind":"road","class":"motorway_link","oneway":"yes"},"geometry":{"type":"LineString","coordinates":[[-58.495113,-34.546785],[-58.495269,-34.547226],[-58.495546,-34.547527],[-58.496982,-34.548323]]}},{"type":"Feature","properties":{"id":1250501998,"kind":"road","class":"residential","name":"Miller","oneway":"yes"},"geometry":{"type":"LineString","coordinates":[[-58.495019,-34.553209],[-58.496119,-34.551626]]}},{"type":"Feature","properties":{"id":4927924,"kind":"road","class":"motorway","name":"Avenida General Paz","ref":"RNA001","oneway":"yes"},"geometry":{"type":"LineString","coordinates":[[-58.495254,-34.547602],[-58.496745,-34.548252],[-58.496982,-34.548323]]}},{"type":"Feature","properties":{"id":10436271,"kind":"road","class":"residential","name":"Lugones","oneway":"yes"},"geometry":{"type":"LineString","coordinates":[[-58.496845,-34.548787],[-58.495735,-34.550378]]}},{"type":"Feature","properties":{"id":38507737,"kind":"road","class":"residential","name":"Vedia","oneway":"yes"},"geometry":{"type":"LineString","coordinates":[[-58.495377,-34.549088],[-58.497212,-34.55009]]}},{"type":"Feature","properties":{"id":47307605,"kind":"road","class":"residential","name":"Miller","oneway":"yes"},"geometry":{"type":"LineString","coordinates":[[-58.496119,-34.551626],[-58.497212,-34.55009]]}},{"type":"Feature","properties":{"id":82692959,"kind":"road","class":"residential","name":"Avenida General Paz","oneway":"yes"},"geometry":{"type":"LineString","coordinates":[[-58.496845,-34.548787],[-58.495871,-34.548359]]}},{"type":"Feature","properties":{"id":226508738,"kind":"road","class":"motorway","name":"Avenida General Paz","ref":"RNA001","oneway":"yes"},"geometry":{"type":"LineString","coordinates":[[-58.496982,-34.548323],[-58.497112,-34.548384]]}},{"type":"Feature","properties":{"id":226508739,"kind":"road","class":"motorway","name":"Avenida General Paz","ref":"RNA001","oneway":"yes"},"geometry":{"type":"LineString","coordinates":[[-58.497379,-34.548622],[-58.495249,-34.547699]]}},{"type":"Feature","properties":{"id":226508763,"kind":"road","class":"motorway_link","oneway":"yes"},"geometry":{"type":"LineString","coordinates":[[-58.496944,-34.548104],[-58.497191,-34.548223]]}},{"type":"Feature","properties":{"id":269335842,"kind":"road","class":"motorway","name":"Avenida General Paz","oneway":"yes"},"geometry":{"type":"LineString","coordinates":[[-58.496947,-34.54855],[-58.496004,-34.54815]]}},{"type":"Feature","properties":{"id":298729194,"kind":"road","class":"motorway","oneway":"yes"},"geometry":{"type":"LineString","coordinates":[[-58.496004,-34.54815],[-58.495277,-34.547884]]}},{"type":"Feature","properties":{"id":483593874,"kind":"road","class":"motorway_link","oneway":"yes"},"geometry":{"type":"LineString","coordinates":[[-58.495829,-34.547559],[-58.496944,-34.548104]]}},{"type":"Feature","properties":{"id":534547020,"kind":"road","class":"residential","name":"Deheza","oneway":"yes"},"geometry":{"type":"LineString","coordinates":[[-58.495221,-34.551163],[-58.496119,-34.551626]]}},{"type":"Feature","properties":{"id":26513087,"kind":"road","class":"residential","name":"Martín J. Haedo","oneway":"yes"},"geometry":{"type":"LineString","coordinates":[[-58.507244,-34.541214],[-58.506469,-34.540854]]}},{"type":"Feature","properties":{"id":26547482,"kind":"road","class":"residential","name":"Doctor Antonio A. Cetrángolo","oneway":"yes"},"geometry":{"type":"LineString","coordinates":[[-58.508072,-34.544443],[-58.507054,-34.543997]]}},{"type":"Feature","properties":{"id":26547490,"kind":"road","class":"residential","name":"Haití","oneway":"yes"},"geometry":{"type":"LineString","coordinates":[[-58.508435,-34.544408],[-58.509319,-34.544117]]}},{"type":"Feature","properties":{"id":26547491,"kind":"road","class":"residential","name":"Ecuador","oneway":"yes"},"geometry":{"type":"LineString","coordinates":[[-58.508952,-34.545681],[-58.508358,-34.544618]]}},{"type":"Feature","properties":{"id":26547492,"kind":"road","class":"residential","name":"General Martín Miguel de Güemes","oneway":"yes"},"geometry":{"type":"LineString","coordinates":[[-58.505359,-34.542228],[-58.509319,-34.544117]]}},{"type":"Feature","properties":{"id":71867643,"kind":"road","class":"residential","name":"Doctor Antonio A. Cetrángolo","oneway":"yes"},"geometry":{"type":"LineString","coordinates":[[-58.50472,-34.542806],[-58.505462,-34.543149]]}},{"type":"Feature","properties":{"id":76956170,"kind":"road","class":"tertiary","name":"Carlos Francisco Melo","oneway":"yes"},"geometry":{"type":"LineString","coordinates":[[-58.505981,-34.541642],[-58.504294,-34.540837]]}},{"type":"Feature","properties":{"id":81549788,"kind":"road","class":"residential","name":"Doctor Antonio A. Cetrángolo","oneway":"yes"},"geometry":{"type":"LineString","coordinates":[[-58.506388,-34.543569],[-58.507095,-34.543899]]}},{"type":"Feature","properties":{"id":81549822,"kind":"road","class":"residential","name":"Doctor Antonio A. Cetrángolo","oneway":"yes"},"geometry":{"type":"LineString","coordinates":[[-58.50597,-34.543482],[-58.50541,-34.543205]]}},{"type":"Feature","properties":{"id":81549825,"kind":"road","class":"residential","name":"Polonia","oneway":"yes"},"geometry":{"type":"LineString","coordinates":[[-58.504786,-34.543813],[-58.505962,-34.543543]]}},{"type":"Feature","properties":{"id":81549838,"kind":"road","class":"residential","name":"Honduras","oneway":"yes"},"geometry":{"type":"LineString","coordinates":[[-58.506062,-34.542576],[-58.506144,-34.543347]]}},{"type":"Feature","properties":{"id":81801707,"kind":"road","class":"secondary","name":"Avenida Bartolomé Mitre"},"geometry":{"type":"LineString","coordinates":[[-58.50472,-34.542806],[-58.50436,-34.543107]]}},{"type":"Feature","properties":{"id":81801714,"kind":"road","class":"residential","name":"Doctor Antonio A. Cetrángolo","oneway":"yes"},"geometry":{"type":"LineString","coordinates":[[-58.505462,-34.543149],[-58.506034,-34.543388]]}},{"type":"Feature","properties":{"id":81801718,"kind":"road","class":"residential","name":"Doctor Antonio A. Cetrángolo","oneway":"yes"},"geometry":{"type":"LineString","coordinates":[[-58.507095,-34.543899],[-58.508135,-34.544358]]}},{"type":"Feature","properties":{"id":81801742,"kind":"road","class":"residential","name":"Doctor Antonio A. Cetrángolo","oneway":"yes"},"geometry":{"type":"LineString","coordinates":[[-58.50541,-34.543205],[-58.504658,-34.54286]]}},{"type":"Feature","properties":{"id":81801743,"kind":"road","class":"residential","name":"Doctor Antonio A. Cetrángolo","oneway":"yes"},"geometry":{"type":"LineString","coordinates":[[-58.507054,-34.543997],[-58.506343,-34.543639]]}},{"type":"Feature","properties":{"id":81801753,"kind":"road","class":"residential","name":"Estados Unidos","oneway":"yes"},"geometry":{"type":"LineString","coordinates":[[-58.505462,-34.543149],[-58.506722,-34.541996]]}},{"type":"Feature","properties":{"id":81801758,"kind":"road","class":"residential","name":"Estados Unidos","oneway":"yes"},"geometry":{"type":"LineString","coordinates":[[-58.50541,-34.543205],[-58.505462,-34.543149]]}},{"type":"Feature","properties":{"id":81801759,"kind":"road","class":"residential","name":"Perú"},"geometry":{"type":"LineString","coordinates":[[-58.507095,-34.543899],[-58.507054,-34.543997]]}},{"type":"Feature","properties":{"id":82005210,"kind":"road","class":"secondary","name":"Avenida Bartolomé Mitre"},"geometry":{"type":"LineString","coordinates":[[-58.506091,-34.541469],[-58.505981,-34.541642]]}},{"type":"Feature","properties":{"id":82005211,"kind":"road","class":"secondary","name":"Avenida Bartolomé Mitre","oneway":"yes"},"geometry":{"type":"LineString","coordinates":[[-58.506091,-34.541469],[-58.506085,-34.541381]]}},{"type":"Feature","properties":{"id":82805237,"kind":"road","class":"residential","name":"Bartolomé Mitre"},"geometry":{"type":"LineString","coordinates":[[-58.506085,-34.541381],[-58.506061,-34.541244],[-58.506226,-34.540856]]}},{"type":"Feature","properties":{"id":82805238,"kind":"road","class":"secondary","name":"Avenida Bartolomé Mitre","oneway":"yes"},"geometry":{"type":"LineString","coordinates":[[-58.506164,-34.541405],[-58.506091,-34.541469]]}},{"type":"Feature","properties":{"id":83145230,"kind":"road","class":"residential","name":"Lamadrid","oneway":"yes"},"geometry":{"type":"LineString","coordinates":[[-58.506907,-34.545628],[-58.506271,-34.546546]]}},{"type":"Feature","properties":{"id":130310565,"kind":"road","class":"residential","name":"Bolivia","oneway":"yes"},"geometry":{"type":"LineString","coordinates":[[-58.5091,-34.543118],[-58.508579,-34.543772],[-58.508306,-34.544324]]}},{"type":"Feature","properties":{"id":130310567,"kind":"road","class":"residential","name":"Perú","oneway":"yes"},"geometry":{"type":"LineString","coordinates":[[-58.507911,-34.542552],[-58.507438,-34.543241],[-58.507095,-34.543899]]}},{"type":"Feature","properties":{"id":261881222,"kind":"road","class":"residential","name":"Bartolomé Mitre","oneway":"yes"},"geometry":{"type":"LineString","coordinates":[[-58.506469,-34.540854],[-58.50627,-34.541309],[-58.506164,-34.541405]]}},{"type":"Feature","properties":{"id":305810262,"kind":"road","class":"secondary","name":"Avenida Bartolomé Mitre"},"geometry":{"type":"LineString","coordinates":[[-58.505981,-34.541642],[-58.505359,-34.542228]]}},{"type":"Feature","properties":{"id":462436199,"kind":"road","class":"tertiary","name":"Carlos Francisco Melo","oneway":"yes"},"geometry":{"type":"LineString","coordinates":[[-58.5091,-34.543118],[-58.505981,-34.541642]]}},{"type":"Feature","properties":{"id":466441619,"kind":"road","class":"residential","oneway":"yes"},"geometry":{"type":"LineString","coordinates":[[-58.506159,-34.543344],[-58.506345,-34.543407],[-58.506395,-34.543512],[-58.506343,-34.543639],[-58.506225,-34.543697],[-58.506031,-34.543654],[-58.505962,-34.543543],[-58.506034,-34.543388],[-58.506159,-34.543344]]}},{"type":"Feature","properties":{"id":466443305,"kind":"road","class":"residential","oneway":"yes"},"geometry":{"type":"LineString","coordinates":[[-58.508186,-34.544332],[-58.508306,-34.544324],[-58.508403,-34.54437],[-58.508454,-34.544502],[-58.508404,-34.544588],[-58.508246,-34.544639],[-58.508102,-34.544571],[-58.508072,-34.544443],[-58.508186,-34.544332]]}},{"type":"Feature","properties":{"id":957693568,"kind":"road","class":"secondary","name":"Avenida Bartolomé Mitre"},"geometry":{"type":"LineString","coordinates":[[-58.504861,-34.54268],[-58.50472,-34.542806]]}},{"type":"Feature","properties":{"id":970651325,"kind":"road","class":"secondary","name":"Avenida Bartolomé Mitre"},"geometry":{"type":"LineString","coordinates":[[-58.505359,-34.542228],[-58.504861,-34.54268]]}},{"type":"Feature","properties":{"id":26513081,"kind":"road","class":"residential","name":"Adolfo Alsina","oneway":"yes"},"geometry":{"type":"LineString","coordinates":[[-58.499405,-34.544534],[-58.501105,-34.545336]]}},{"type":"Feature","properties":{"id":26513107,"kind":"road","class":"residential","name":"Campichuelo"},"geometry":{"type":"LineString","coordinates":[[-58.499817,-34.543944],[-58.498758,-34.545496]]}},{"type":"Feature","properties":{"id":26513108,"kind":"road","class":"residential","name":"Bernardo de Irigoyen","oneway":"yes"},"geometry":{"type":"LineString","coordinates":[[-58.498901,-34.546754],[-58.499511,-34.545838]]}},{"type":"Feature","properties":{"id":26513112,"kind":"road","class":"residential","name":"Quesada","oneway":"no"},"geometry":{"type":"LineString","coordinates":[[-58.499217,-34.546281],[-58.498064,-34.545738]]}},{"type":"Feature","properties":{"id":26513113,"kind":"road","class":"residential","name":"Estanislao del Campo","oneway":"yes"},"geometry":{"type":"LineString","coordinates":[[-58.498359,-34.545314],[-58.497725,-34.546227]]}},{"type":"Feature","properties":{"id":26547486,"kind":"road","class":"residential","name":"Libano","oneway":"yes"},"geometry":{"type":"LineString","coordinates":[[-58.503014,-34.545061],[-58.501792,-34.546872]]}},{"type":"Feature","properties":{"id":26547487,"kind":"road","class":"residential","name":"Colombia","oneway":"yes"},"geometry":{"type":"LineString","coordinates":[[-58.502564,-34.544859],[-58.501888,-34.545691],[-58.50125,-34.546626]]}},{"type":"Feature","properties":{"id":39965123,"kind":"road","class":"residential","name":"Agustín Álvarez","oneway":"yes"},"geometry":{"type":"LineString","coordinates":[[-58.497498,-34.542421],[-58.499694,-34.543406]]}},{"type":"Feature","properties":{"id":39965124,"kind":"road","class":"residential","name":"General Juan Gregorio de Las Heras","oneway":"yes"},"geometry":{"type":"LineString","coordinates":[[-58.502344,-34.542332],[-58.499231,-34.540836]]}},{"type":"Feature","properties":{"id":39965127,"kind":"road","class":"residential","name":"José Mármol","oneway":"yes"},"geometry":{"type":"LineString","coordinates":[[-58.500322,-34.543143],[-58.498324,-34.54218]]}},{"type":"Feature","properties":{"id":39965228,"kind":"road","class":"residential","name":"José Mármol","oneway":"yes"},"geometry":{"type":"LineString","coordinates":[[-58.500996,-34.543435],[-58.502796,-34.54431]]}},{"type":"Feature","properties":{"id":77190895,"kind":"road","class":"tertiary","name":"General Juan Lavalle","oneway":"no"},"geometry":{"type":"LineString","coordinates":[[-58.498302,-34.541577],[-58.498634,-34.541731]]}},{"type":"Feature","properties":{"id":81798297,"kind":"road","class":"residential","name":"Julian Agüero","oneway":"no"},"geometry":{"type":"LineString","coordinates":[[-58.500318,-34.544961],[-58.500617,-34.54452]]}},{"type":"Feature","properties":{"id":81798300,"kind":"road","class":"residential","name":"Tres Arroyos","oneway":"yes"},"geometry":{"type":"LineString","coordinates":[[-58.499912,-34.541163],[-58.499303,-34.542058]]}},{"type":"Feature","properties":{"id":81798304,"kind":"road","class":"residential","name":"Bernardo de Irigoyen","oneway":"yes"},"geometry":{"type":"LineString","coordinates":[[-58.499694,-34.543406],[-58.500998,-34.542849]]}},{"type":"Feature","properties":{"id":82692931,"kind":"road","class":"secondary","name":"Francisco Narciso de Laprida","oneway":"no"},"geometry":{"type":"LineString","coordinates":[[-58.499938,-34.546029],[-58.50125,-34.546626]]}},{"type":"Feature","properties":{"id":82692971,"kind":"road","class":"secondary","name":"Avenida Bartolomé Mitre"},"geometry":{"type":"LineString","coordinates":[[-58.501105,-34.545336],[-58.500176,-34.545873]]}},{"type":"Feature","properties":{"id":82692973,"kind":"road","class":"tertiary","name":"Padre Edmundo Vanini","oneway":"yes"},"geometry":{"type":"LineString","coordinates":[[-58.498927,-34.54127],[-58.498588,-34.541331],[-58.498302,-34.541577]]}},{"type":"Feature","properties":{"id":82692979,"kind":"road","class":"tertiary","name":"Francisco Narciso de Laprida","oneway":"no"},"geometry":{"type":"LineString","coordinates":[[-58.499511,-34.545838],[-58.498758,-34.545496]]}},{"type":"Feature","properties":{"id":82692986,"kind":"road","class":"tertiary","name":"Francisco Narciso de Laprida","oneway":"no"},"geometry":{"type":"LineString","coordinates":[[-58.499938,-34.546029],[-58.499611,-34.545884]]}},{"type":"Feature","properties":{"id":82692997,"kind":"road","class":"secondary","name":"Avenida Bartolomé Mitre","oneway":"no"},"geometry":{"type":"LineString","coordinates":[[-58.499938,-34.546029],[-58.499884,-34.546185],[-58.500036,-34.547196]]}},{"type":"Feature","properties":{"id":82805223,"kind":"road","class":"residential","name":"Adolfo Alsina"},"geometry":{"type":"LineString","coordinates":[[-58.498306,-34.544036],[-58.498154,-34.54393]]}},{"type":"Feature","properties":{"id":82805229,"kind":"road","class":"residential","name":"Julián Segundo de Agüero","oneway":"no"},"geometry":{"type":"LineString","coordinates":[[-58.503624,-34.54173],[-58.502463,-34.542325],[-58.502344,-34.542332]]}},{"type":"Feature","properties":{"id":82805245,"kind":"road","class":"residential","name":"Julian S. Agüero","oneway":"yes"},"geometry":{"type":"LineString","coordinates":[[-58.500353,-34.543726],[-58.501644,-34.543145]]}},{"type":"Feature","properties":{"id":82805246,"kind":"road","class":"residential","name":"General Juan Gregorio de Las Heras","oneway":"no"},"geometry":{"type":"LineString","coordinates":[[-58.502461,-34.542671],[-58.503799,-34.543402],[-58.503951,-34.543453]]}},{"type":"Feature","properties":{"id":86134739,"kind":"road","class":"secondary","name":"Avenida Bartolomé Mitre"},"geometry":{"type":"LineString","coordinates":[[-58.503337,-34.543966],[-58.502796,-34.54431]]}},{"type":"Feature","properties":{"id":227125211,"kind":"road","class":"tertiary","name":"General Juan Lavalle"},"geometry":{"type":"LineString","coordinates":[[-58.498239,-34.541551],[-58.498302,-34.541577]]}},{"type":"Feature","properties":{"id":228021181,"kind":"road","class":"tertiary","name":"Esteban Echeverría","oneway":"yes"},"geometry":{"type":"LineString","coordinates":[[-58.498927,-34.54127],[-58.498634,-34.541731]]}},{"type":"Feature","properties":{"id":294844724,"kind":"road","class":"motorway_link","oneway":"yes"},"geometry":{"type":"LineString","coordinates":[[-58.498606,-34.541077],[-58.498016,-34.541639]]}},{"type":"Feature","properties":{"id":294844725,"kind":"road","class":"motorway_link","oneway":"yes"},"geometry":{"type":"LineString","coordinates":[[-58.498462,-34.541341],[-58.498016,-34.541639]]}},{"type":"Feature","properties":{"id":375751563,"kind":"road","class":"secondary","name":"Avenida Bartolomé Mitre"},"geometry":{"type":"LineString","coordinates":[[-58.503951,-34.543453],[-58.503337,-34.543966]]}},{"type":"Feature","properties":{"id":452779906,"kind":"road","class":"tertiary","name":"General Juan Lavalle","oneway":"no"},"geometry":{"type":"LineString","coordinates":[[-58.498634,-34.541731],[-58.499303,-34.542058]]}},{"type":"Feature","properties":{"id":605450845,"kind":"road","class":"tertiary","name":"General Juan Lavalle","oneway":"no"},"geometry":{"type":"LineString","coordinates":[[-58.50158,-34.543114],[-58.501644,-34.543145]]}},{"type":"Feature","properties":{"id":605450846,"kind":"road","class":"tertiary","name":"General Juan Lavalle","oneway":"no"},"geometry":{"type":"LineString","coordinates":[[-58.501176,-34.542925],[-58.50158,-34.543114]]}},{"type":"Feature","properties":{"id":605450850,"kind":"rail","class":"rail"},"geometry":{"type":"LineString","coordinates":[[-58.502286,-34.54266],[-58.501772,-34.542872]]}},{"type":"Feature","properties":{"id":644682539,"kind":"road","class":"residential","oneway":"no"},"geometry":{"type":"LineString","coordinates":[[-58.500748,-34.544499],[-58.500617,-34.54452],[-58.500585,-34.544427],[-58.500627,-34.544389],[-58.500719,-34.544392],[-58.500757,-34.544428],[-58.500748,-34.544499]]}},{"type":"Feature","properties":{"id":970670783,"kind":"road","class":"tertiary","name":"General Juan Lavalle","oneway":"no"},"geometry":{"type":"LineString","coordinates":[[-58.500998,-34.542849],[-58.501176,-34.542925]]}},{"type":"Feature","properties":{"id":970670851,"kind":"road","class":"tertiary","name":"General Juan Lavalle","oneway":"no"},"geometry":{"type":"LineString","coordinates":[[-58.501644,-34.543145],[-58.503172,-34.543841],[-58.503337,-34.543966]]}},{"type":"Feature","properties":{"id":970677552,"kind":"road","class":"residential","name":"Estanislao del Campo","oneway":"yes"},"geometry":{"type":"LineString","coordinates":[[-58.499972,-34.542356],[-58.499359,-34.543268],[-58.498154,-34.54393]]}},{"type":"Feature","properties":{"id":970677553,"kind":"road","class":"tertiary","name":"General Juan Lavalle","oneway":"no"},"geometry":{"type":"LineString","coordinates":[[-58.499972,-34.542356],[-58.500998,-34.542849]]}},{"type":"Feature","properties":{"id":970677626,"kind":"road","class":"tertiary","name":"General Juan Lavalle","oneway":"no"},"geometry":{"type":"LineString","coordinates":[[-58.499303,-34.542058],[-58.499972,-34.542356]]}},{"type":"Feature","properties":{"id":1018979840,"kind":"road","class":"secondary","name":"Francisco Narciso de Laprida","oneway":"no"},"geometry":{"type":"LineString","coordinates":[[-58.502335,-34.547124],[-58.50125,-34.546626]]}},{"type":"Feature","properties":{"id":1265418117,"kind":"road","class":"secondary","name":"Avenida Bartolomé Mitre"},"geometry":{"type":"LineString","coordinates":[[-58.502796,-34.54431],[-58.502268,-34.544609]]}},{"type":"Feature","properties":{"id":1265418118,"kind":"road","class":"secondary","name":"Avenida Bartolomé Mitre"},"geometry":{"type":"LineString","coordinates":[[-58.502268,-34.544609],[-58.501105,-34.545336]]}},{"type":"Feature","properties":{"id":1285435700,"kind":"road","class":"residential","name":"Agustín Álvarez","oneway":"yes"},"geometry":{"type":"LineString","coordinates":[[-58.502268,-34.544609],[-58.500353,-34.543726]]}},{"type":"Feature","properties":{"id":1285435701,"kind":"road","class":"residential","name":"Agustín Álvarez","oneway":"yes"},"geometry":{"type":"LineString","coordinates":[[-58.502564,-34.544859],[-58.502268,-34.544609]]}},{"type":"Feature","properties":{"id":1285435703,"kind":"road","class":"secondary","name":"Avenida Bartolomé Mitre"},"geometry":{"type":"LineString","coordinates":[[-58.500176,-34.545873],[-58.499938,-34.546029]]}},{"type":"Feature","properties":{"id":1285435704,"kind":"road","class":"tertiary","name":"Francisco Narciso de Laprida","oneway":"no"},"geometry":{"type":"LineString","coordinates":[[-58.499611,-34.545884],[-58.499511,-34.545838]]}},{"type":"Feature","properties":{"id":1285435705,"kind":"road","class":"tertiary","name":"Francisco Narciso de Laprida","oneway":"no"},"geometry":{"type":"LineString","coordinates":[[-58.498758,-34.545496],[-58.498359,-34.545314]]}},{"type":"Feature","properties":{"id":1329640438,"kind":"road","class":"residential","name":"General Juan Lavalle","oneway":"yes"},"geometry":{"type":"LineString","coordinates":[[-58.503337,-34.543966],[-58.503496,-34.544079]]}},{"type":"Feature","properties":{"id":1329661636,"kind":"road","class":"residential","name":"Colombia","oneway":"yes"},"geometry":{"type":"LineString","coordinates":[[-58.50125,-34.546626],[-58.501118,-34.546829]]}},{"type":"Feature","properties":{"id":1329661637,"kind":"road","class":"residential","name":"Estados Unidos","oneway":"yes"},"geometry":{"type":"LineString","coordinates":[[-58.502335,-34.547124],[-58.502491,-34.5469]]}},{"type":"Feature","properties":{"id":26513109,"kind":"road","class":"residential","name":"Venezuela","oneway":"yes"},"geometry":{"type":"LineString","coordinates":[[-58.500036,-34.547196],[-58.499882,-34.54719],[-58.496038,-34.545484]]}},{"type":"Feature","properties":{"id":31146132,"kind":"road","class":"motorway_link","oneway":"yes"},"geometry":{"type":"LineString","coordinates":[[-58.500579,-34.538309],[-58.500431,-34.538648],[-58.500051,-34.539186],[-58.499347,-34.540082],[-58.498838,-34.540832],[-58.498606,-34.541077]]}},{"type":"Feature","properties":{"id":31146160,"kind":"road","class":"motorway_link","oneway":"yes"},"geometry":{"type":"LineString","coordinates":[[-58.504107,-34.534069],[-58.502223,-34.536343]]}},{"type":"Feature","properties":{"id":32948583,"kind":"road","class":"residential","name":"Francisco Beiró","oneway":"yes"},"geometry":{"type":"LineString","coordinates":[[-58.497045,-34.537425],[-58.49885,-34.534821]]}},{"type":"Feature","properties":{"id":32948584,"kind":"road","class":"residential","name":"Ignacio Warnes","oneway":"yes"},"geometry":{"type":"LineString","coordinates":[[-58.495218,-34.535507],[-58.500204,-34.528271]]}},{"type":"Feature","properties":{"id":32948669,"kind":"road","class":"residential","name":"Martín J. Haedo","oneway":"yes"},"geometry":{"type":"LineString","coordinates":[[-58.500052,-34.5378],[-58.495218,-34.535507]]}},{"type":"Feature","properties":{"id":32948671,"kind":"road","class":"residential","name":"Santa Rosa","oneway":"yes"},"geometry":{"type":"LineString","coordinates":[[-58.495841,-34.534605],[-58.50065,-34.536887]]}},{"type":"Feature","properties":{"id":32948675,"kind":"road","class":"residential","name":"Bernardo de Irigoyen","oneway":"yes"},"geometry":{"type":"LineString","coordinates":[[-58.501176,-34.542925],[-58.503035,-34.54026]]}},{"type":"Feature","properties":{"id":32948687,"kind":"road","class":"residential","name":"General Justo José de Urquiza","oneway":"yes"},"geometry":{"type":"LineString","coordinates":[[-58.501872,-34.535073],[-58.495874,-34.532204]]}},{"type":"Feature","properties":{"id":39965125,"kind":"road","class":"residential","name":"General Martín Miguel de Güemes","oneway":"yes"},"geometry":{"type":"LineString","coordinates":[[-58.499908,-34.539983],[-58.503624,-34.54173]]}},{"type":"Feature","properties":{"id":39965129,"kind":"road","class":"residential","name":"Santa Rosa","oneway":"yes"},"geometry":{"type":"LineString","coordinates":[[-58.506712,-34.539773],[-58.501795,-34.537444]]}},{"type":"Feature","properties":{"id":39965132,"kind":"road","class":"residential","name":"José de Olavarría"},"geometry":{"type":"LineString","coordinates":[[-58.506341,-34.540351],[-58.50378,-34.539175]]}},{"type":"Feature","properties":{"id":39965230,"kind":"road","class":"residential","name":"Serrano"},"geometry":{"type":"LineString","coordinates":[[-58.504861,-34.54268],[-58.503691,-34.542037]]}},{"type":"Feature","properties":{"id":40017498,"kind":"road","class":"residential","name":"Arenales","oneway":"yes"},"geometry":{"type":"LineString","coordinates":[[-58.504797,-34.53308],[-58.508994,-34.535103]]}},{"type":"Feature","properties":{"id":40017499,"kind":"road","class":"residential","name":"General Justo José de Urquiza","oneway":"yes"},"geometry":{"type":"LineString","coordinates":[[-58.507706,-34.537827],[-58.503045,-34.535634]]}},{"type":"Feature","properties":{"id":53246845,"kind":"rail","class":"rail","name":"FC Belgrano","ref":"CC"},"geometry":{"type":"LineString","coordinates":[[-58.50637,-34.540529],[-58.500639,-34.543424],[-58.499662,-34.543807],[-58.498367,-34.544164]]}},{"type":"Feature","properties":{"id":53354085,"kind":"road","class":"motorway","name":"Acceso Norte","ref":"RN9","oneway":"yes"},"geometry":{"type":"LineString","coordinates":[[-58.505631,-34.530998],[-58.500579,-34.538309]]}},{"type":"Feature","properties":{"id":61730812,"kind":"road","class":"residential","name":"General Juan Gregorio de Las Heras","oneway":"yes"},"geometry":{"type":"LineString","coordinates":[[-58.498081,-34.540252],[-58.495832,-34.539194]]}},{"type":"Feature","properties":{"id":68302351,"kind":"road","class":"motorway_link","oneway":"yes"},"geometry":{"type":"LineString","coordinates":[[-58.501586,-34.53607],[-58.501726,-34.535702],[-58.502826,-34.53372]]}},{"type":"Feature","properties":{"id":69342032,"kind":"road","class":"residential","name":"General Martín Miguel de Güemes","oneway":"yes"},"geometry":{"type":"LineString","coordinates":[[-58.495255,-34.537774],[-58.497572,-34.538846]]}},{"type":"Feature","properties":{"id":69342047,"kind":"road","class":"residential","name":"Gobernador Valentín Vergara","oneway":"yes"},"geometry":{"type":"LineString","coordinates":[[-58.495315,-34.530777],[-58.502482,-34.534184]]}},{"type":"Feature","properties":{"id":76956136,"kind":"road","class":"motorway_link","oneway":"yes"},"geometry":{"type":"LineString","coordinates":[[-58.498789,-34.540709],[-58.498136,-34.541267]]}},{"type":"Feature","properties":{"id":77190885,"kind":"road","class":"motorway_link","oneway":"yes"},"geometry":{"type":"LineString","coordinates":[[-58.498016,-34.541639],[-58.497355,-34.542304],[-58.496705,-34.543133]]}},{"type":"Feature","properties":{"id":77190887,"kind":"road","class":"motorway_link","oneway":"yes"},"geometry":{"type":"LineString","coordinates":[[-58.500758,-34.538456],[-58.500209,-34.539413],[-58.499887,-34.539867],[-58.499123,-34.540766],[-58.498462,-34.541341]]}},{"type":"Feature","properties":{"id":77287400,"kind":"road","class":"residential","name":"Esteban Echeverría","oneway":"yes"},"geometry":{"type":"LineString","coordinates":[[-58.496394,-34.544281],[-58.496807,-34.544249],[-58.496927,-34.544178],[-58.498634,-34.541731]]}},{"type":"Feature","properties":{"id":82005206,"kind":"road","class":"residential","name":"Gobernador Valentín Vergara","oneway":"yes"},"geometry":{"type":"LineString","coordinates":[[-58.503656,-34.534752],[-58.509706,-34.53763]]}},{"type":"Feature","properties":{"id":82692988,"kind":"road","class":"residential","name":"Adolfo Alsina","oneway":"yes"},"geometry":{"type":"LineString","coordinates":[[-58.498154,-34.54393],[-58.496845,-34.543345]]}},{"type":"Feature","properties":{"id":82805234,"kind":"road","class":"residential","name":"Bartolomé Mitre"},"geometry":{"type":"LineString","coordinates":[[-58.506628,-34.540493],[-58.506469,-34.540854]]}},{"type":"Feature","properties":{"id":82805240,"kind":"road","class":"secondary","name":"Avenida Bartolomé Mitre","oneway":"yes"},"geometry":{"type":"LineString","coordinates":[[-58.506085,-34.541381],[-58.506402,-34.54065]]}},{"type":"Feature","properties":{"id":82805243,"kind":"road","class":"residential","name":"Julián Segundo de Agüero","oneway":"yes"},"geometry":{"type":"LineString","coordinates":[[-58.504294,-34.540837],[-58.506074,-34.538259]]}},{"type":"Feature","properties":{"id":82805250,"kind":"road","class":"residential","name":"Martín J. Haedo","oneway":"yes"},"geometry":{"type":"LineString","coordinates":[[-58.501181,-34.538339],[-58.505869,-34.540559]]}},{"type":"Feature","properties":{"id":84194552,"kind":"road","class":"residential","name":"Coronel Juan Pascual Pringles","oneway":"yes"},"geometry":{"type":"LineString","coordinates":[[-58.509293,-34.534568],[-58.505138,-34.532597]]}},{"type":"Feature","properties":{"id":85355067,"kind":"road","class":"residential","name":"General Artigas","oneway":"no"},"geometry":{"type":"LineString","coordinates":[[-58.497469,-34.539969],[-58.496841,-34.540906]]}},{"type":"Feature","properties":{"id":107497166,"kind":"road","class":"residential","name":"Coronel Manuel Rosetti","oneway":"yes"},"geometry":{"type":"LineString","coordinates":[[-58.505424,-34.527632],[-58.500105,-34.535297],[-58.500069,-34.535404]]}},{"type":"Feature","properties":{"id":119127117,"kind":"road","class":"motorway","name":"Acceso Norte","ref":"RN9","oneway":"yes"},"geometry":{"type":"LineString","coordinates":[[-58.49843,-34.540402],[-58.498814,-34.540148],[-58.500014,-34.5387],[-58.505758,-34.530404]]}},{"type":"Feature","properties":{"id":119127119,"kind":"road","class":"motorway","name":"Acceso Norte","ref":"RN9","oneway":"yes"},"geometry":{"type":"LineString","coordinates":[[-58.496503,-34.542585],[-58.497147,-34.54178],[-58.49843,-34.540402]]}},{"type":"Feature","properties":{"id":130309971,"kind":"road","class":"residential","name":"Estanislao del Campo","oneway":"yes"},"geometry":{"type":"LineString","coordinates":[[-58.50903,-34.529373],[-58.501842,-34.539687]]}},{"type":"Feature","properties":{"id":130310566,"kind":"road","class":"residential","name":"Estados Unidos","oneway":"yes"},"geometry":{"type":"LineString","coordinates":[[-58.506722,-34.541996],[-58.507828,-34.540318],[-58.509038,-34.539672]]}},{"type":"Feature","properties":{"id":130310697,"kind":"road","class":"residential","name":"Bernardo de Irigoyen","oneway":"yes"},"geometry":{"type":"LineString","coordinates":[[-58.503035,-34.54026],[-58.505443,-34.536755],[-58.510233,-34.529954]]}},{"type":"Feature","properties":{"id":130310698,"kind":"road","class":"residential","name":"Estanislao del Campo","oneway":"yes"},"geometry":{"type":"LineString","coordinates":[[-58.501842,-34.539687],[-58.499972,-34.542356]]}},{"type":"Feature","properties":{"id":133116795,"kind":"road","class":"residential","name":"Coronel Manuel Rosetti","oneway":"yes"},"geometry":{"type":"LineString","coordinates":[[-58.500069,-34.535404],[-58.500033,-34.535525],[-58.497843,-34.538693],[-58.497572,-34.538846],[-58.497308,-34.539073],[-58.496228,-34.540604]]}},{"type":"Feature","properties":{"id":201973185,"kind":"road","class":"residential","name":"Perú","oneway":"yes"},"geometry":{"type":"LineString","coordinates":[[-58.510336,-34.539064],[-58.507911,-34.542552]]}},{"type":"Feature","properties":{"id":227125212,"kind":"road","class":"tertiary","name":"General Juan Lavalle","oneway":"no"},"geometry":{"type":"LineString","coordinates":[[-58.497431,-34.541184],[-58.498239,-34.541551]]}},{"type":"Feature","properties":{"id":228020283,"kind":"road","class":"motorway_link","oneway":"yes"},"geometry":{"type":"LineString","coordinates":[[-58.498136,-34.541267],[-58.496787,-34.542641]]}},{"type":"Feature","properties":{"id":228020294,"kind":"road","class":"motorway","name":"Colectora Acceso Norte","oneway":"yes"},"geometry":{"type":"LineString","coordinates":[[-58.503923,-34.533898],[-58.503329,-34.534675]]}},{"type":"Feature","properties":{"id":229033970,"kind":"road","class":"motorway","name":"Colectora Acceso Norte","oneway":"yes"},"geometry":{"type":"LineString","coordinates":[[-58.502783,-34.534328],[-58.503182,-34.533634]]}},{"type":"Feature","properties":{"id":274949138,"kind":"rail","class":"rail","name":"FC Belgrano","ref":"CC"},"geometry":{"type":"LineString","coordinates":[[-58.498359,-34.544206],[-58.499671,-34.543839],[-58.500671,-34.543453],[-58.506368,-34.540574]]}},{"type":"Feature","properties":{"id":289833523,"kind":"road","class":"tertiary","name":"General José de San Martín","oneway":"yes"},"geometry":{"type":"LineString","coordinates":[[-58.508495,-34.536035],[-58.505412,-34.534555],[-58.5042,-34.533933]]}},{"type":"Feature","properties":{"id":294844723,"kind":"road","class":"motorway","name":"Acceso Norte","ref":"RN9","oneway":"yes"},"geometry":{"type":"LineString","coordinates":[[-58.499349,-34.53981],[-58.497343,-34.541919],[-58.496787,-34.542641]]}},{"type":"Feature","properties":{"id":305810274,"kind":"road","class":"tertiary","name":"General Julio Argentino Roca","oneway":"yes"},"geometry":{"type":"LineString","coordinates":[[-58.495066,-34.533036],[-58.501374,-34.53604]]}},{"type":"Feature","properties":{"id":311402505,"kind":"road","class":"tertiary","name":"General Julio Argentino Roca","oneway":"yes"},"geometry":{"type":"LineString","coordinates":[[-58.502414,-34.536542],[-58.506074,-34.538259]]}},{"type":"Feature","properties":{"id":311402506,"kind":"road","class":"tertiary","name":"Esteban Echeverría","oneway":"yes"},"geometry":{"type":"LineString","coordinates":[[-58.504107,-34.534069],[-58.501181,-34.538339],[-58.500762,-34.538881]]}},{"type":"Feature","properties":{"id":375751589,"kind":"road","class":"tertiary","name":"Padre Edmundo Vanini","oneway":"yes"},"geometry":{"type":"LineString","coordinates":[[-58.498302,-34.541577],[-58.497498,-34.542421],[-58.496537,-34.54381],[-58.4964,-34.5441],[-58.496379,-34.544238]]}},{"type":"Feature","properties":{"id":413476934,"kind":"road","class":"tertiary","name":"Esteban Echeverría","oneway":"yes"},"geometry":{"type":"LineString","coordinates":[[-58.500616,-34.539099],[-58.49956,-34.540409],[-58.498927,-34.54127]]}},{"type":"Feature","properties":{"id":605450847,"kind":"rail","class":"rail","name":"FC Belgrano","ref":"CC"},"geometry":{"type":"LineString","coordinates":[[-58.496511,-34.544505],[-58.498359,-34.544206]]}},{"type":"Feature","properties":{"id":605450848,"kind":"rail","class":"rail","name":"FC Belgrano","ref":"CC"},"geometry":{"type":"LineString","coordinates":[[-58.498367,-34.544164],[-58.496501,-34.544475]]}},{"type":"Feature","properties":{"id":661072442,"kind":"road","class":"residential","name":"Francisco Beiró","oneway":"yes"},"geometry":{"type":"LineString","coordinates":[[-58.49885,-34.534821],[-58.499479,-34.533915]]}},{"type":"Feature","properties":{"id":668185273,"kind":"road","class":"secondary","name":"Avenida Bartolomé Mitre"},"geometry":{"type":"LineString","coordinates":[[-58.50436,-34.543107],[-58.503951,-34.543453]]}},{"type":"Feature","properties":{"id":668185274,"kind":"road","class":"residential","name":"Sarratea"},"geometry":{"type":"LineString","coordinates":[[-58.503068,-34.542386],[-58.50436,-34.543107]]}},{"type":"Feature","properties":{"id":970659045,"kind":"road","class":"residential","name":"Julián Segundo de Agüero","oneway":"yes"},"geometry":{"type":"LineString","coordinates":[[-58.503624,-34.54173],[-58.50374,-34.541648],[-58.504294,-34.540837]]}},{"type":"Feature","properties":{"id":970659046,"kind":"road","class":"tertiary","name":"Carlos Francisco Melo","oneway":"yes"},"geometry":{"type":"LineString","coordinates":[[-58.504294,-34.540837],[-58.500616,-34.539099]]}},{"type":"Feature","properties":{"id":970709260,"kind":"road","class":"secondary","name":"Avenida Bartolomé Mitre"},"geometry":{"type":"LineString","coordinates":[[-58.509503,-34.534152],[-58.509293,-34.534568]]}},{"type":"Feature","properties":{"id":975277750,"kind":"road","class":"tertiary","name":"Blas Parera","oneway":"yes"},"geometry":{"type":"LineString","coordinates":[[-58.497277,-34.541112],[-58.498479,-34.539809],[-58.499503,-34.538592]]}},{"type":"Feature","properties":{"id":1285055526,"kind":"road","class":"residential","name":"Estados Unidos","oneway":"yes"},"geometry":{"type":"LineString","coordinates":[[-58.502491,-34.5469],[-58.504167,-34.544384],[-58.50541,-34.543205]]}},{"type":"Feature","properties":{"id":1285435706,"kind":"road","class":"tertiary","name":"Francisco Narciso de Laprida","oneway":"no"},"geometry":{"type":"LineString","coordinates":[[-58.498359,-34.545314],[-58.49712,-34.544705],[-58.496467,-34.544635]]}},{"type":"Feature","properties":{"id":1329650453,"kind":"road","class":"secondary","name":"Avenida Bartolomé Mitre","oneway":"yes"},"geometry":{"type":"LineString","coordinates":[[-58.506483,-34.540673],[-58.506164,-34.541405]]}},{"type":"Feature","properties":{"id":1393721101,"kind":"road","class":"tertiary","name":"Carlos Francisco Melo","oneway":"yes"},"geometry":{"type":"LineString","coordinates":[[-58.499503,-34.538592],[-58.495838,-34.536868]]}},{"type":"Feature","properties":{"id":1393721103,"kind":"road","class":"residential","name":"Valle Grande","oneway":"yes"},"geometry":{"type":"LineString","coordinates":[[-58.502638,-34.527103],[-58.500062,-34.530755],[-58.495838,-34.536868],[-58.495255,-34.537774]]}},{"type":"Feature","properties":{"id":1446036234,"kind":"road","class":"tertiary","name":"Blas Parera","oneway":"yes"},"geometry":{"type":"LineString","coordinates":[[-58.499616,-34.538443],[-58.500574,-34.537044],[-58.500699,-34.536787],[-58.501241,-34.535974],[-58.503055,-34.53338]]}},{"type":"Feature","properties":{"id":26513088,"kind":"road","class":"residential","name":"Santa Rosa"},"geometry":{"type":"LineString","coordinates":[[-58.507481,-34.540162],[-58.507828,-34.540318]]}},{"type":"Feature","properties":{"id":39965128,"kind":"road","class":"residential","name":"Julián Segundo de Agüero","oneway":"yes"},"geometry":{"type":"LineString","coordinates":[[-58.508794,-34.53435],[-58.50785,-34.53573]]}},{"type":"Feature","properties":{"id":39965131,"kind":"road","class":"residential","name":"Bartolomé Mitre","oneway":"yes"},"geometry":{"type":"LineString","coordinates":[[-58.505869,-34.540559],[-58.506478,-34.540269],[-58.506712,-34.539773]]}},{"type":"Feature","properties":{"id":82005209,"kind":"rail","class":"rail","name":"FC Belgrano","ref":"CC"},"geometry":{"type":"LineString","coordinates":[[-58.506646,-34.540391],[-58.50637,-34.540529]]}},{"type":"Feature","properties":{"id":82805225,"kind":"road","class":"residential","name":"Padilla","oneway":"no"},"geometry":{"type":"LineString","coordinates":[[-58.506679,-34.536179],[-58.505448,-34.537964]]}},{"type":"Feature","properties":{"id":82805226,"kind":"road","class":"residential","name":"Bartolomé Mitre","oneway":"yes"},"geometry":{"type":"LineString","coordinates":[[-58.506712,-34.539773],[-58.50684,-34.539644]]}},{"type":"Feature","properties":{"id":82805228,"kind":"road","class":"secondary","name":"Avenida Bartolomé Mitre","oneway":"yes"},"geometry":{"type":"LineString","coordinates":[[-58.50693,-34.539553],[-58.506924,-34.539661]]}},{"type":"Feature","properties":{"id":82805235,"kind":"road","class":"secondary","name":"Avenida Bartolomé Mitre","oneway":"yes"},"geometry":{"type":"LineString","coordinates":[[-58.506779,-34.539784],[-58.50684,-34.539644],[-58.50693,-34.539553]]}},{"type":"Feature","properties":{"id":82805247,"kind":"road","class":"secondary","name":"Avenida Bartolomé Mitre","oneway":"yes"},"geometry":{"type":"LineString","coordinates":[[-58.506924,-34.539661],[-58.506702,-34.540171]]}},{"type":"Feature","properties":{"id":83145245,"kind":"road","class":"residential","name":"Dean Funes","oneway":"no"},"geometry":{"type":"LineString","coordinates":[[-58.509706,-34.53763],[-58.509092,-34.53849]]}},{"type":"Feature","properties":{"id":83145271,"kind":"road","class":"residential","name":"Dean Funes"},"geometry":{"type":"LineString","coordinates":[[-58.509092,-34.53849],[-58.508483,-34.539391]]}},{"type":"Feature","properties":{"id":84719858,"kind":"road","class":"residential","name":"Bartolomé Mitre"},"geometry":{"type":"LineString","coordinates":[[-58.50685,-34.540015],[-58.506908,-34.539868],[-58.506924,-34.539661]]}},{"type":"Feature","properties":{"id":274950307,"kind":"rail","class":"rail","name":"FC Belgrano","ref":"CC"},"geometry":{"type":"LineString","coordinates":[[-58.506368,-34.540574],[-58.506644,-34.540437]]}},{"type":"Feature","properties":{"id":289833520,"kind":"road","class":"secondary","name":"Avenida Bartolomé Mitre"},"geometry":{"type":"LineString","coordinates":[[-58.508131,-34.536868],[-58.507706,-34.537827]]}},{"type":"Feature","properties":{"id":305810259,"kind":"road","class":"secondary","name":"Avenida Bartolomé Mitre"},"geometry":{"type":"LineString","coordinates":[[-58.508901,-34.535272],[-58.508495,-34.536035]]}},{"type":"Feature","properties":{"id":305810260,"kind":"road","class":"secondary","name":"Avenida Bartolomé Mitre"},"geometry":{"type":"LineString","coordinates":[[-58.507257,-34.538818],[-58.50693,-34.539553]]}},{"type":"Feature","properties":{"id":305810261,"kind":"road","class":"secondary","name":"Avenida Bartolomé Mitre"},"geometry":{"type":"LineString","coordinates":[[-58.509293,-34.534568],[-58.508994,-34.535103]]}},{"type":"Feature","properties":{"id":462436198,"kind":"road","class":"tertiary","name":"General Julio Argentino Roca","oneway":"yes"},"geometry":{"type":"LineString","coordinates":[[-58.508483,-34.539391],[-58.509038,-34.539672]]}},{"type":"Feature","properties":{"id":602335066,"kind":"road","class":"tertiary","name":"General Julio Argentino Roca","oneway":"yes"},"geometry":{"type":"LineString","coordinates":[[-58.507257,-34.538818],[-58.508483,-34.539391]]}},{"type":"Feature","properties":{"id":957693761,"kind":"road","class":"secondary","name":"Avenida Bartolomé Mitre"},"geometry":{"type":"LineString","coordinates":[[-58.507706,-34.537827],[-58.507257,-34.538818]]}},{"type":"Feature","properties":{"id":970651230,"kind":"road","class":"residential","name":"General Justo José de Urquiza","oneway":"yes"},"geometry":{"type":"LineString","coordinates":[[-58.509092,-34.53849],[-58.507706,-34.537827]]}},{"type":"Feature","properties":{"id":970708765,"kind":"road","class":"secondary","name":"Avenida Bartolomé Mitre"},"geometry":{"type":"LineString","coordinates":[[-58.508994,-34.535103],[-58.508901,-34.535272]]}},{"type":"Feature","properties":{"id":1088003704,"kind":"road","class":"residential","name":"Julián Segundo de Agüero","oneway":"yes"},"geometry":{"type":"LineString","coordinates":[[-58.506074,-34.538259],[-58.50785,-34.53573]]}},{"type":"Feature","properties":{"id":1088003705,"kind":"road","class":"tertiary","name":"General Julio Argentino Roca","oneway":"yes"},"geometry":{"type":"LineString","coordinates":[[-58.506074,-34.538259],[-58.507257,-34.538818]]}},{"type":"Feature","properties":{"id":1265418116,"kind":"road","class":"secondary","name":"Avenida Bartolomé Mitre"},"geometry":{"type":"LineString","coordinates":[[-58.508495,-34.536035],[-58.508131,-34.536868]]}},{"type":"Feature","properties":{"id":1329650452,"kind":"road","class":"secondary","name":"Avenida Bartolomé Mitre","oneway":"yes"},"geometry":{"type":"LineString","coordinates":[[-58.506402,-34.54065],[-58.506619,-34.540152]]}},{"type":"Feature","properties":{"id":1329650454,"kind":"road","class":"secondary","name":"Avenida Bartolomé Mitre","oneway":"yes"},"geometry":{"type":"LineString","coordinates":[[-58.506619,-34.540152],[-58.506779,-34.539784]]}},{"type":"Feature","properties":{"id":1329650455,"kind":"road","class":"secondary","name":"Avenida Bartolomé Mitre","oneway":"yes"},"geometry":{"type":"LineString","coordinates":[[-58.506702,-34.540171],[-58.506483,-34.540673]]}},{"type":"Feature","properties":{"id":23300071,"kind":"road","class":"motorway","name":"Colectora Acceso Norte","oneway":"yes"},"geometry":{"type":"LineString","coordinates":[[-58.49843,-34.540402],[-58.498637,-34.540058],[-58.499644,-34.538829]]}},{"type":"Feature","properties":{"id":69342036,"kind":"road","class":"tertiary","name":"General Julio Argentino Roca","oneway":"yes"},"geometry":{"type":"LineString","coordinates":[[-58.502297,-34.536485],[-58.502414,-34.536542]]}},{"type":"Feature","properties":{"id":76956163,"kind":"road","class":"motorway_link","oneway":"yes"},"geometry":{"type":"LineString","coordinates":[[-58.500758,-34.538456],[-58.500046,-34.539438]]}},{"type":"Feature","properties":{"id":76956180,"kind":"road","class":"motorway_link","oneway":"yes"},"geometry":{"type":"LineString","coordinates":[[-58.499616,-34.538443],[-58.499842,-34.538222],[-58.501153,-34.536563],[-58.501455,-34.53626]]}},{"type":"Feature","properties":{"id":85099551,"kind":"road","class":"tertiary","name":"Carlos Francisco Melo","oneway":"yes"},"geometry":{"type":"LineString","coordinates":[[-58.500529,-34.539058],[-58.50005,-34.538838]]}},{"type":"Feature","properties":{"id":224056139,"kind":"road","class":"motorway","name":"Acceso Norte","ref":"RN9","oneway":"yes"},"geometry":{"type":"LineString","coordinates":[[-58.500579,-34.538309],[-58.499349,-34.53981]]}},{"type":"Feature","properties":{"id":227121765,"kind":"road","class":"tertiary","name":"Carlos Francisco Melo","oneway":"yes"},"geometry":{"type":"LineString","coordinates":[[-58.499603,-34.538633],[-58.499503,-34.538592]]}},{"type":"Feature","properties":{"id":227121766,"kind":"road","class":"tertiary","name":"General Julio Argentino Roca","oneway":"yes"},"geometry":{"type":"LineString","coordinates":[[-58.501374,-34.53604],[-58.502297,-34.536485]]}},{"type":"Feature","properties":{"id":228020284,"kind":"road","class":"motorway_link","oneway":"yes"},"geometry":{"type":"LineString","coordinates":[[-58.499319,-34.540336],[-58.498789,-34.540709]]}},{"type":"Feature","properties":{"id":228020285,"kind":"road","class":"motorway_link","oneway":"yes"},"geometry":{"type":"LineString","coordinates":[[-58.500046,-34.539438],[-58.499591,-34.540059],[-58.499319,-34.540336]]}},{"type":"Feature","properties":{"id":228020291,"kind":"road","class":"motorway","name":"Colectora Acceso Norte","oneway":"yes"},"geometry":{"type":"LineString","coordinates":[[-58.502163,-34.536429],[-58.501352,-34.537588]]}},{"type":"Feature","properties":{"id":228624989,"kind":"road","class":"motorway","name":"Colectora Acceso Norte","oneway":"yes"},"geometry":{"type":"LineString","coordinates":[[-58.501586,-34.53607],[-58.502783,-34.534328]]}},{"type":"Feature","properties":{"id":229033964,"kind":"road","class":"motorway","name":"Colectora Acceso Norte","oneway":"yes"},"geometry":{"type":"LineString","coordinates":[[-58.50095,-34.538176],[-58.500758,-34.538456]]}},{"type":"Feature","properties":{"id":229033967,"kind":"road","class":"motorway","name":"Colectora Acceso Norte","oneway":"yes"},"geometry":{"type":"LineString","coordinates":[[-58.501352,-34.537588],[-58.50095,-34.538176]]}},{"type":"Feature","properties":{"id":229033973,"kind":"road","class":"motorway","name":"Colectora Acceso Norte","oneway":"yes"},"geometry":{"type":"LineString","coordinates":[[-58.503329,-34.534675],[-58.502223,-34.536343]]}},{"type":"Feature","properties":{"id":229033974,"kind":"road","class":"motorway","name":"Colectora Acceso Norte","oneway":"yes"},"geometry":{"type":"LineString","coordinates":[[-58.499644,-34.538829],[-58.50037,-34.537835]]}},{"type":"Feature","properties":{"id":229033977,"kind":"road","class":"motorway","name":"Colectora Acceso Norte","oneway":"yes"},"geometry":{"type":"LineString","coordinates":[[-58.50037,-34.537835],[-58.501455,-34.53626]]}},{"type":"Feature","properties":{"id":371191788,"kind":"road","class":"motorway_link","oneway":"yes"},"geometry":{"type":"LineString","coordinates":[[-58.502163,-34.536429],[-58.501952,-34.536866],[-58.500762,-34.538881]]}},{"type":"Feature","properties":{"id":413476932,"kind":"road","class":"tertiary","name":"Esteban Echeverría","oneway":"yes"},"geometry":{"type":"LineString","coordinates":[[-58.500762,-34.538881],[-58.500616,-34.539099]]}},{"type":"Feature","properties":{"id":462104030,"kind":"road","class":"tertiary","name":"Carlos Francisco Melo","oneway":"yes"},"geometry":{"type":"LineString","coordinates":[[-58.50005,-34.538838],[-58.499603,-34.538633]]}},{"type":"Feature","properties":{"id":975277749,"kind":"road","class":"tertiary","name":"Carlos Francisco Melo","oneway":"yes"},"geometry":{"type":"LineString","coordinates":[[-58.500616,-34.539099],[-58.500529,-34.539058]]}},{"type":"Feature","properties":{"id":975277751,"kind":"road","class":"tertiary","name":"Blas Parera","oneway":"yes"},"geometry":{"type":"LineString","coordinates":[[-58.499503,-34.538592],[-58.499594,-34.538475]]}},{"type":"Feature","properties":{"id":975277752,"kind":"road","class":"motorway","name":"Colectora Acceso Norte","oneway":"yes"},"geometry":{"type":"LineString","coordinates":[[-58.501455,-34.53626],[-58.501586,-34.53607]]}},{"type":"Feature","properties":{"id":1027030366,"kind":"road","class":"motorway","name":"Colectora Acceso Norte","oneway":"yes"},"geometry":{"type":"LineString","coordinates":[[-58.502223,-34.536343],[-58.502163,-34.536429]]}},{"type":"Feature","properties":{"id":1027031594,"kind":"road","class":"tertiary","name":"Blas Parera","oneway":"yes"},"geometry":{"type":"LineString","coordinates":[[-58.499594,-34.538475],[-58.499616,-34.538443]]}},{"type":"Feature","properties":{"id":23299964,"kind":"road","class":"tertiary","name":"Francisco Narciso de Laprida","oneway":"no"},"geometry":{"type":"LineString","coordinates":[[-58.496379,-34.544238],[-58.496246,-34.544115]]}},{"type":"Feature","properties":{"id":32948674,"kind":"road","class":"tertiary","name":"General Juan Lavalle"},"geometry":{"type":"LineString","coordinates":[[-58.497277,-34.541112],[-58.497431,-34.541184]]}},{"type":"Feature","properties":{"id":53246847,"kind":"road","class":"tertiary","name":"Francisco Narciso de Laprida","oneway":"no"},"geometry":{"type":"LineString","coordinates":[[-58.496246,-34.544115],[-58.495724,-34.543839],[-58.495332,-34.543764]]}},{"type":"Feature","properties":{"id":53247176,"kind":"road","class":"tertiary","name":"Esteban Echeverría","oneway":"no"},"geometry":{"type":"LineString","coordinates":[[-58.495462,-34.546956],[-58.495431,-34.546636],[-58.495512,-34.546308],[-58.496418,-34.544879],[-58.496466,-34.544768],[-58.496467,-34.544635]]}},{"type":"Feature","properties":{"id":53354418,"kind":"road","class":"motorway","name":"Acceso Norte","ref":"RN9","oneway":"yes"},"geometry":{"type":"LineString","coordinates":[[-58.496787,-34.542641],[-58.495965,-34.543874]]}},{"type":"Feature","properties":{"id":53354419,"kind":"road","class":"motorway_link","oneway":"yes"},"geometry":{"type":"LineString","coordinates":[[-58.495557,-34.543669],[-58.496243,-34.542817],[-58.496503,-34.542585]]}},{"type":"Feature","properties":{"id":61730813,"kind":"road","class":"residential","name":"Agustín Álvarez","oneway":"no"},"geometry":{"type":"LineString","coordinates":[[-58.496535,-34.541977],[-58.495604,-34.541541]]}},{"type":"Feature","properties":{"id":69342044,"kind":"road","class":"motorway_link","oneway":"yes"},"geometry":{"type":"LineString","coordinates":[[-58.495557,-34.543669],[-58.495789,-34.543158],[-58.496689,-34.541952],[-58.497201,-34.541197]]}},{"type":"Feature","properties":{"id":82692930,"kind":"road","class":"tertiary","name":"Francisco Narciso de Laprida","oneway":"no"},"geometry":{"type":"LineString","coordinates":[[-58.496467,-34.544635],[-58.496379,-34.544238]]}},{"type":"Feature","properties":{"id":137747934,"kind":"rail","class":"rail","name":"FC Belgrano","ref":"CC"},"geometry":{"type":"LineString","coordinates":[[-58.496389,-34.544486],[-58.496075,-34.544501]]}},{"type":"Feature","properties":{"id":137747937,"kind":"rail","class":"rail","name":"FC Belgrano","ref":"CC"},"geometry":{"type":"LineString","coordinates":[[-58.496501,-34.544475],[-58.496389,-34.544486]]}},{"type":"Feature","properties":{"id":205200792,"kind":"rail","class":"rail","name":"FC Belgrano","ref":"CC"},"geometry":{"type":"LineString","coordinates":[[-58.496075,-34.544501],[-58.495083,-34.544498]]}},{"type":"Feature","properties":{"id":226508742,"kind":"road","class":"tertiary","name":"Blas Parera","oneway":"yes"},"geometry":{"type":"LineString","coordinates":[[-58.495183,-34.543753],[-58.495272,-34.543694],[-58.496535,-34.541977],[-58.497277,-34.541112]]}},{"type":"Feature","properties":{"id":274949142,"kind":"rail","class":"rail","name":"FC Belgrano","ref":"CC"},"geometry":{"type":"LineString","coordinates":[[-58.4964,-34.544517],[-58.496511,-34.544505]]}},{"type":"Feature","properties":{"id":274949147,"kind":"rail","class":"rail","name":"FC Belgrano","ref":"CC"},"geometry":{"type":"LineString","coordinates":[[-58.496073,-34.544534],[-58.4964,-34.544517]]}},{"type":"Feature","properties":{"id":274949154,"kind":"rail","class":"rail","name":"FC Belgrano","ref":"CC"},"geometry":{"type":"LineString","coordinates":[[-58.495064,-34.54455],[-58.496073,-34.544534]]}},{"type":"Feature","properties":{"id":281754913,"kind":"road","class":"motorway_link","oneway":"yes"},"geometry":{"type":"LineString","coordinates":[[-58.496239,-34.543853],[-58.496169,-34.543971]]}},{"type":"Feature","properties":{"id":281754914,"kind":"road","class":"motorway_link","oneway":"yes"},"geometry":{"type":"LineString","coordinates":[[-58.496705,-34.543133],[-58.496239,-34.543853]]}},{"type":"Feature","properties":{"id":298892064,"kind":"road","class":"motorway","name":"Acceso Norte","ref":"RN9","oneway":"yes"},"geometry":{"type":"LineString","coordinates":[[-58.495778,-34.543794],[-58.496503,-34.542585]]}},{"type":"Feature","properties":{"id":298892143,"kind":"road","class":"motorway_link","oneway":"yes"},"geometry":{"type":"LineString","coordinates":[[-58.496169,-34.543971],[-58.496091,-34.544139]]}},{"type":"Feature","properties":{"id":486273055,"kind":"road","class":"motorway_link","oneway":"yes"},"geometry":{"type":"LineString","coordinates":[[-58.496091,-34.544139],[-58.495933,-34.544532]]}},{"type":"Feature","properties":{"id":61730815,"kind":"road","class":"residential","name":"General Juan Lavalle","oneway":"no"},"geometry":{"type":"LineString","coordinates":[[-58.497277,-34.541112],[-58.495213,-34.540112]]}},{"type":"Feature","properties":{"id":69342038,"kind":"road","class":"residential","name":"Coronel Manuel Rosetti","oneway":"yes"},"geometry":{"type":"LineString","coordinates":[[-58.496228,-34.540604],[-58.495604,-34.541541]]}},{"type":"Feature","properties":{"id":32948672,"kind":"road","class":"residential","name":"Francisco Beiró","oneway":"yes"},"geometry":{"type":"LineString","coordinates":[[-58.495213,-34.540112],[-58.497045,-34.537425]]}},{"type":"Feature","properties":{"id":40017497,"kind":"road","class":"residential","name":"Libertad","oneway":"yes"},"geometry":{"type":"LineString","coordinates":[[-58.509503,-34.534152],[-58.505432,-34.532174]]}},{"type":"Feature","properties":{"id":53354644,"kind":"road","class":"motorway_link","oneway":"yes"},"geometry":{"type":"LineString","coordinates":[[-58.505631,-34.530998],[-58.505463,-34.531474],[-58.50474,-34.532629]]}},{"type":"Feature","properties":{"id":62049047,"kind":"road","class":"motorway_link","oneway":"yes"},"geometry":{"type":"LineString","coordinates":[[-58.507676,-34.529035],[-58.507037,-34.529582],[-58.506457,-34.530191]]}},{"type":"Feature","properties":{"id":62049048,"kind":"road","class":"motorway_link","oneway":"yes"},"geometry":{"type":"LineString","coordinates":[[-58.505593,-34.530281],[-58.506039,-34.529498],[-58.506393,-34.528585]]}},{"type":"Feature","properties":{"id":76956143,"kind":"road","class":"tertiary","name":"Presidente Hipólito Yrigoyen","oneway":"yes"},"geometry":{"type":"LineString","coordinates":[[-58.506152,-34.531165],[-58.509896,-34.532986],[-58.510082,-34.533031]]}},{"type":"Feature","properties":{"id":76956145,"kind":"road","class":"motorway_link","oneway":"yes"},"geometry":{"type":"LineString","coordinates":[[-58.506169,-34.530627],[-58.505768,-34.531434],[-58.505046,-34.532606],[-58.504797,-34.53308]]}},{"type":"Feature","properties":{"id":84194547,"kind":"road","class":"secondary","name":"Avenida Bartolomé Mitre"},"geometry":{"type":"LineString","coordinates":[[-58.509681,-34.533792],[-58.509503,-34.534152]]}},{"type":"Feature","properties":{"id":84194597,"kind":"road","class":"secondary","name":"Avenida Bartolomé Mitre"},"geometry":{"type":"LineString","coordinates":[[-58.510082,-34.533031],[-58.509681,-34.533792]]}},{"type":"Feature","properties":{"id":130309972,"kind":"road","class":"tertiary","name":"Esteban Echeverría","oneway":"yes"},"geometry":{"type":"LineString","coordinates":[[-58.507858,-34.528795],[-58.507676,-34.529035]]}},{"type":"Feature","properties":{"id":172470113,"kind":"road","class":"tertiary","name":"Antonio Malaver","oneway":"yes"},"geometry":{"type":"LineString","coordinates":[[-58.507275,-34.528517],[-58.506888,-34.528328]]}},{"type":"Feature","properties":{"id":227121762,"kind":"road","class":"tertiary","name":"Presidente Hipólito Yrigoyen","oneway":"yes"},"geometry":{"type":"LineString","coordinates":[[-58.505131,-34.530656],[-58.506012,-34.53109]]}},{"type":"Feature","properties":{"id":227121773,"kind":"road","class":"motorway_link","oneway":"yes"},"geometry":{"type":"LineString","coordinates":[[-58.50435,-34.532129],[-58.504725,-34.531625],[-58.505262,-34.531109]]}},{"type":"Feature","properties":{"id":228020286,"kind":"road","class":"tertiary","name":"Antonio Malaver","oneway":"yes"},"geometry":{"type":"LineString","coordinates":[[-58.507632,-34.528691],[-58.507275,-34.528517]]}},{"type":"Feature","properties":{"id":228020297,"kind":"road","class":"motorway_link","oneway":"yes"},"geometry":{"type":"LineString","coordinates":[[-58.504495,-34.533422],[-58.504452,-34.533573]]}},{"type":"Feature","properties":{"id":228020298,"kind":"road","class":"motorway_link","oneway":"yes"},"geometry":{"type":"LineString","coordinates":[[-58.504469,-34.533062],[-58.504495,-34.533422]]}},{"type":"Feature","properties":{"id":228020299,"kind":"road","class":"motorway_link","oneway":"yes"},"geometry":{"type":"LineString","coordinates":[[-58.50474,-34.532629],[-58.504469,-34.533062]]}},{"type":"Feature","properties":{"id":228020300,"kind":"road","class":"tertiary","name":"Antonio Malaver","oneway":"yes"},"geometry":{"type":"LineString","coordinates":[[-58.506888,-34.528328],[-58.506646,-34.52821]]}},{"type":"Feature","properties":{"id":229033956,"kind":"road","class":"motorway","name":"Colectora Acceso Norte","oneway":"yes"},"geometry":{"type":"LineString","coordinates":[[-58.508153,-34.527848],[-58.507656,-34.528539]]}},{"type":"Feature","properties":{"id":294835678,"kind":"road","class":"motorway","name":"Colectora Acceso Norte","oneway":"yes"},"geometry":{"type":"LineString","coordinates":[[-58.506894,-34.528481],[-58.50701,-34.528317]]}},{"type":"Feature","properties":{"id":294835689,"kind":"road","class":"motorway","name":"Colectora Acceso Norte","oneway":"yes"},"geometry":{"type":"LineString","coordinates":[[-58.507656,-34.528539],[-58.50751,-34.52874]]}},{"type":"Feature","properties":{"id":294835693,"kind":"road","class":"motorway","name":"Colectora Acceso Norte","oneway":"yes"},"geometry":{"type":"LineString","coordinates":[[-58.50751,-34.52874],[-58.506457,-34.530191]]}},{"type":"Feature","properties":{"id":297551029,"kind":"road","class":"motorway","name":"Colectora Acceso Norte","oneway":"yes"},"geometry":{"type":"LineString","coordinates":[[-58.505593,-34.530281],[-58.506894,-34.528481]]}},{"type":"Feature","properties":{"id":311402507,"kind":"road","class":"tertiary","name":"Esteban Echeverría","oneway":"yes"},"geometry":{"type":"LineString","coordinates":[[-58.507676,-34.529035],[-58.506152,-34.531165]]}},{"type":"Feature","properties":{"id":371537501,"kind":"road","class":"tertiary","name":"Blas Parera","oneway":"yes"},"geometry":{"type":"LineString","coordinates":[[-58.506646,-34.52821],[-58.506863,-34.527919]]}},{"type":"Feature","properties":{"id":437774714,"kind":"road","class":"motorway","name":"Acceso Norte","ref":"RN9","oneway":"yes"},"geometry":{"type":"LineString","coordinates":[[-58.507312,-34.528655],[-58.505631,-34.530998]]}},{"type":"Feature","properties":{"id":605787130,"kind":"road","class":"tertiary","name":"Antonio Malaver","oneway":"yes"},"geometry":{"type":"LineString","coordinates":[[-58.506646,-34.52821],[-58.505424,-34.527632]]}},{"type":"Feature","properties":{"id":638624609,"kind":"road","class":"tertiary","name":"Esteban Echeverría","oneway":"yes"},"geometry":{"type":"LineString","coordinates":[[-58.508299,-34.528198],[-58.507858,-34.528795]]}},{"type":"Feature","properties":{"id":638625121,"kind":"road","class":"tertiary","name":"Presidente Hipólito Yrigoyen","oneway":"yes"},"geometry":{"type":"LineString","coordinates":[[-58.506012,-34.53109],[-58.506152,-34.531165]]}},{"type":"Feature","properties":{"id":668378808,"kind":"road","class":"tertiary","name":"Esteban Echeverría","oneway":"yes"},"geometry":{"type":"LineString","coordinates":[[-58.504452,-34.533573],[-58.5042,-34.533933]]}},{"type":"Feature","properties":{"id":975276797,"kind":"road","class":"tertiary","name":"Esteban Echeverría","oneway":"yes"},"geometry":{"type":"LineString","coordinates":[[-58.5042,-34.533933],[-58.504107,-34.534069]]}},{"type":"Feature","properties":{"id":975276798,"kind":"road","class":"tertiary","name":"General José de San Martín","oneway":"yes"},"geometry":{"type":"LineString","coordinates":[[-58.5042,-34.533933],[-58.504129,-34.533891]]}},{"type":"Feature","properties":{"id":975292736,"kind":"road","class":"motorway","name":"Colectora Acceso Norte","oneway":"yes"},"geometry":{"type":"LineString","coordinates":[[-58.506457,-34.530191],[-58.506169,-34.530627]]}},{"type":"Feature","properties":{"id":975292737,"kind":"road","class":"tertiary","name":"Esteban Echeverría","oneway":"yes"},"geometry":{"type":"LineString","coordinates":[[-58.504797,-34.53308],[-58.504452,-34.533573]]}},{"type":"Feature","properties":{"id":1027406965,"kind":"road","class":"tertiary","name":"Esteban Echeverría","oneway":"yes"},"geometry":{"type":"LineString","coordinates":[[-58.506152,-34.531165],[-58.504797,-34.53308]]}},{"type":"Feature","properties":{"id":1274317781,"kind":"road","class":"motorway","name":"Acceso Norte","ref":"RN9","oneway":"yes"},"geometry":{"type":"LineString","coordinates":[[-58.507454,-34.528458],[-58.507312,-34.528655]]}},{"type":"Feature","properties":{"id":1274317782,"kind":"road","class":"motorway","name":"Acceso Norte","ref":"RN9","oneway":"yes"},"geometry":{"type":"LineString","coordinates":[[-58.505758,-34.530404],[-58.507102,-34.528558]]}},{"type":"Feature","properties":{"id":1274317783,"kind":"road","class":"motorway","name":"Acceso Norte","ref":"RN9","oneway":"yes"},"geometry":{"type":"LineString","coordinates":[[-58.507102,-34.528558],[-58.507243,-34.528364]]}},{"type":"Feature","properties":{"id":1330967246,"kind":"road","class":"residential","name":"Julián Segundo de Agüero","oneway":"yes"},"geometry":{"type":"LineString","coordinates":[[-58.510082,-34.533031],[-58.510128,-34.532904],[-58.510453,-34.532448]]}},{"type":"Feature","properties":{"id":1446036144,"kind":"road","class":"motorway","name":"Colectora Acceso Norte","oneway":"yes"},"geometry":{"type":"LineString","coordinates":[[-58.505402,-34.530553],[-58.505593,-34.530281]]}},{"type":"Feature","properties":{"id":31146141,"kind":"road","class":"motorway_link","oneway":"yes"},"geometry":{"type":"LineString","coordinates":[[-58.503304,-34.533018],[-58.503427,-34.532975]]}},{"type":"Feature","properties":{"id":227121772,"kind":"road","class":"motorway_link","oneway":"yes"},"geometry":{"type":"LineString","coordinates":[[-58.503427,-34.532975],[-58.5037,-34.532847]]}},{"type":"Feature","properties":{"id":263538252,"kind":"road","class":"residential","name":"Medeiros","oneway":"yes"},"geometry":{"type":"LineString","coordinates":[[-58.500421,-34.53029],[-58.4992,-34.529726]]}},{"type":"Feature","properties":{"id":452680319,"kind":"road","class":"residential","name":"Francisco Beiró","oneway":"yes"},"geometry":{"type":"LineString","coordinates":[[-58.499479,-34.533915],[-58.500109,-34.533053],[-58.502588,-34.529427]]}},{"type":"Feature","properties":{"id":1446036233,"kind":"road","class":"tertiary","name":"General José de San Martín","oneway":"yes"},"geometry":{"type":"LineString","coordinates":[[-58.503175,-34.533432],[-58.503055,-34.53338]]}},{"type":"Feature","properties":{"id":1446037620,"kind":"road","class":"tertiary","name":"Blas Parera","oneway":"yes"},"geometry":{"type":"LineString","coordinates":[[-58.503055,-34.53338],[-58.503739,-34.532391]]}},{"type":"Feature","properties":{"id":32948667,"kind":"road","class":"residential","name":"Francisco Beiró","oneway":"yes"},"geometry":{"type":"LineString","coordinates":[[-58.502588,-34.529427],[-58.504251,-34.527061]]}},{"type":"Feature","properties":{"id":32948679,"kind":"road","class":"residential","name":"Ignacio Warnes","oneway":"yes"},"geometry":{"type":"LineString","coordinates":[[-58.500204,-34.528271],[-58.501033,-34.527079]]}},{"type":"Feature","properties":{"id":32948680,"kind":"road","class":"residential","name":"Francia","oneway":"yes"},"geometry":{"type":"LineString","coordinates":[[-58.500616,-34.527684],[-58.505403,-34.529988]]}},{"type":"Feature","properties":{"id":32948681,"kind":"road","class":"residential","name":"Italia","oneway":"yes"},"geometry":{"type":"LineString","coordinates":[[-58.505824,-34.529384],[-58.501033,-34.527079]]}},{"type":"Feature","properties":{"id":32948682,"kind":"road","class":"residential","name":"Esmeralda","oneway":"yes"},"geometry":{"type":"LineString","coordinates":[[-58.502638,-34.527103],[-58.506212,-34.528834]]}},{"type":"Feature","properties":{"id":32948683,"kind":"road","class":"residential","name":"Arenales","oneway":"yes"},"geometry":{"type":"LineString","coordinates":[[-58.503651,-34.532517],[-58.502432,-34.53195],[-58.500062,-34.530755],[-58.495363,-34.528473]]}},{"type":"Feature","properties":{"id":32948684,"kind":"road","class":"residential","name":"General Bernardo O'Higgins","oneway":"yes"},"geometry":{"type":"LineString","coordinates":[[-58.49901,-34.52769],[-58.495249,-34.533126]]}},{"type":"Feature","properties":{"id":32948688,"kind":"road","class":"residential","name":"Libertad","oneway":"yes"},"geometry":{"type":"LineString","coordinates":[[-58.495952,-34.5276],[-58.504254,-34.531617]]}},{"type":"Feature","properties":{"id":32948689,"kind":"road","class":"residential","name":"Fray Justo Sarmiento","oneway":"yes"},"geometry":{"type":"LineString","coordinates":[[-58.497807,-34.527106],[-58.495315,-34.530777]]}},{"type":"Feature","properties":{"id":76956166,"kind":"road","class":"motorway_link","oneway":"yes"},"geometry":{"type":"LineString","coordinates":[[-58.5037,-34.532847],[-58.503935,-34.532676],[-58.50435,-34.532129]]}},{"type":"Feature","properties":{"id":77190904,"kind":"road","class":"tertiary","name":"General José de San Martín","oneway":"yes"},"geometry":{"type":"LineString","coordinates":[[-58.503055,-34.53338],[-58.495151,-34.529514]]}},{"type":"Feature","properties":{"id":227121740,"kind":"road","class":"tertiary","name":"General José de San Martín","oneway":"yes"},"geometry":{"type":"LineString","coordinates":[[-58.504129,-34.533891],[-58.503175,-34.533432]]}},{"type":"Feature","properties":{"id":227121775,"kind":"road","class":"motorway_link","oneway":"yes"},"geometry":{"type":"LineString","coordinates":[[-58.503739,-34.532391],[-58.504287,-34.531785],[-58.504945,-34.53096],[-58.505402,-34.530553]]}},{"type":"Feature","properties":{"id":229033980,"kind":"road","class":"motorway","name":"Colectora Acceso Norte","oneway":"yes"},"geometry":{"type":"LineString","coordinates":[[-58.503182,-34.533634],[-58.503706,-34.532709],[-58.504739,-34.531444],[-58.505402,-34.530553]]}},{"type":"Feature","properties":{"id":267776707,"kind":"road","class":"tertiary","name":"Presidente Hipólito Yrigoyen","oneway":"yes"},"geometry":{"type":"LineString","coordinates":[[-58.500204,-34.528271],[-58.505131,-34.530656]]}},{"type":"Feature","properties":{"id":294835671,"kind":"road","class":"motorway","name":"Colectora Acceso Norte","oneway":"yes"},"geometry":{"type":"LineString","coordinates":[[-58.50701,-34.528317],[-58.507561,-34.527554]]}},{"type":"Feature","properties":{"id":297551034,"kind":"road","class":"motorway","name":"Colectora Acceso Norte","oneway":"yes"},"geometry":{"type":"LineString","coordinates":[[-58.506169,-34.530627],[-58.50532,-34.531925],[-58.504764,-34.532875],[-58.504351,-34.533419],[-58.503923,-34.533898]]}},{"type":"Feature","properties":{"id":375751570,"kind":"road","class":"tertiary","name":"Blas Parera","oneway":"yes"},"geometry":{"type":"LineString","coordinates":[[-58.503739,-34.532391],[-58.506646,-34.52821]]}},{"type":"Feature","properties":{"id":437222914,"kind":"road","class":"motorway","name":"Acceso Norte","ref":"RN9","oneway":"yes"},"geometry":{"type":"LineString","coordinates":[[-58.507243,-34.528364],[-58.507837,-34.527548]]}},{"type":"Feature","properties":{"id":648330459,"kind":"road","class":"tertiary","name":"Presidente Hipólito Yrigoyen","oneway":"yes"},"geometry":{"type":"LineString","coordinates":[[-58.497807,-34.527106],[-58.500204,-34.528271]]}},{"type":"Feature","properties":{"id":1274317780,"kind":"road","class":"motorway","name":"Acceso Norte","ref":"RN9","oneway":"yes"},"geometry":{"type":"LineString","coordinates":[[-58.508419,-34.527132],[-58.507454,-34.528458]]}}]}
